 [info] Drush bootstrap phase: bootstrapDrupalRoot()
 [info] Change working directory to /var/www/html/vehicle_app
 [info] Initialized Drupal 10.4.0 root directory at /var/www/html/vehicle_app
 [info] Drush bootstrap phase: bootstrapDrupalSite()
 [info] Initialized Drupal site default at sites/default
 [info] Drush bootstrap phase: bootstrapDrupalConfiguration()
 [info] Drush bootstrap phase: bootstrapDrupalDatabase()
 [info] Successfully connected to the Drupal database.
 [info] Drush bootstrap phase: bootstrapDrupalFull()
 [info] Starting bootstrap to none
 [info] Drush bootstrap phase 0
 [info] Try to validate bootstrap phase 0
🐞 MQTT command started successfully
[2025-11-08 10:54:05] [INFO] 💓 DB connection alive
 [info] [2025-11-08 10:54:05] [INFO] 💓 DB connection alive
[2025-11-08 10:54:05] [INFO] 🆕 Listener PID file created for process 152343
 [info] [2025-11-08 10:54:05] [INFO] 🆕 Listener PID file created for process 152343
[2025-11-08 10:54:05] [NOTICE] ✅ Connected to broker kawaii.ncbs.res.in:1883 (clientId=drupal_listener_8285)
 [notice] [2025-11-08 10:54:05] [NOTICE] ✅ Connected to broker kawaii.ncbs.res.in:1883 (clientId=drupal_listener_8285)
[2025-11-08 10:54:13] [INFO] 📩 requests/check_device → {"device_id":"EV00123","username":"neetha","status":"low_current"}
 [info] [2025-11-08 10:54:13] [INFO] 📩 requests/check_device → @"device_id":"EV00123","username":"neetha","status":"low_current"
 [info] 📩 MQTT message received on requests/check_device
[2025-11-08 10:54:14] [INFO] 📩 devices/energy_readings → {"username":"neetha","deviceid":"EV00123","status":"low_current","energy":0}
 [info] [2025-11-08 10:54:14] [INFO] 📩 devices/energy_readings → @"username":"neetha","deviceid":"EV00123","status":"low_current","energy":0
 [info] 📩 MQTT message received on devices/energy_readings
 [notice] 🔄 Forced new DB connection before query.
 [info] ⚡ Handling energy_readings for topic devices/energy_readings
 [info] 📊 Parsed payload → user=neetha, device=EV00123, energy=0, status=low_current
 [warning] ⚠️ low_current received but no open session found for neetha EV00123
[2025-11-08 10:54:24] [INFO] 📩 requests/get_authorized_devices → {"device_id":"EV00123","username":"neetha","action":"get_energy"}
 [info] [2025-11-08 10:54:24] [INFO] 📩 requests/get_authorized_devices → @"device_id":"EV00123","username":"neetha","action":"get_energy"
 [info] 📩 MQTT message received on requests/get_authorized_devices
[2025-11-08 10:54:24] [INFO] 📩 requests/check_device → {"uid":"178","username":"neetha","device_id":"EV00123","status":"match","correlationId":"f633886973080839","replyTo":"responses\/check_device"}
 [info] [2025-11-08 10:54:24] [INFO] 📩 requests/check_device → @"uid":"178","username":"neetha","device_id":"EV00123","status":"match","correlationId":"f633886973080839","replyTo":"responses\/check_device"
 [info] 📩 MQTT message received on requests/check_device
[2025-11-08 10:54:24] [INFO] 📩 devices/energy_readings → {"username":"neetha","deviceid":"EV00123","status":"match","energy":0}
 [info] [2025-11-08 10:54:24] [INFO] 📩 devices/energy_readings → @"username":"neetha","deviceid":"EV00123","status":"match","energy":0
 [info] 📩 MQTT message received on devices/energy_readings
 [notice] 🔄 Forced new DB connection before query.
 [info] ⚡ Handling energy_readings for topic devices/energy_readings
 [info] 📊 Parsed payload → user=neetha, device=EV00123, energy=0, status=match
 [info] 👀 MATCH received for neetha / EV00123 → waiting for HIGH_CURRENT
[2025-11-08 10:54:24] [INFO] 📩 devices/energy_readings → {"username":"neetha","deviceid":"EV00123","status":"high_current","energy":0}
 [info] [2025-11-08 10:54:24] [INFO] 📩 devices/energy_readings → @"username":"neetha","deviceid":"EV00123","status":"high_current","energy":0
 [info] 📩 MQTT message received on devices/energy_readings
 [notice] 🔄 Forced new DB connection before query.
 [info] ⚡ Handling energy_readings for topic devices/energy_readings
 [info] 📊 Parsed payload → user=neetha, device=EV00123, energy=0, status=high_current
 [notice] ⚡ Received HIGH_CURRENT for user=neetha, device=EV00123
 [notice] ✅ Created new node ID 180 for neetha / EV00123 on HIGH_CURRENT
[2025-11-08 10:55:26] [INFO] 📩 devices/energy_readings → {"username":"neetha","deviceid":"EV00123","status":"high_current","energy":0}
 [info] [2025-11-08 10:55:26] [INFO] 📩 devices/energy_readings → @"username":"neetha","deviceid":"EV00123","status":"high_current","energy":0
 [info] 📩 MQTT message received on devices/energy_readings
 [notice] 🔄 Forced new DB connection before query.
 [info] ⚡ Handling energy_readings for topic devices/energy_readings
 [info] 📊 Parsed payload → user=neetha, device=EV00123, energy=0, status=high_current
 [notice] ⚡ Received HIGH_CURRENT for user=neetha, device=EV00123
 [notice] ⏳ Session already active for neetha / EV00123 (node 180)
[2025-11-08 10:55:43] [INFO] 📩 requests/check_device → {"device_id":"EV00123","username":"neetha","status":"low_current"}
 [info] [2025-11-08 10:55:43] [INFO] 📩 requests/check_device → @"device_id":"EV00123","username":"neetha","status":"low_current"
 [info] 📩 MQTT message received on requests/check_device
[2025-11-08 10:55:45] [INFO] 📩 devices/energy_readings → {"username":"neetha","deviceid":"EV00123","status":"low_current","energy":0}
 [info] [2025-11-08 10:55:45] [INFO] 📩 devices/energy_readings → @"username":"neetha","deviceid":"EV00123","status":"low_current","energy":0
 [info] 📩 MQTT message received on devices/energy_readings
 [notice] 🔄 Forced new DB connection before query.
 [info] ⚡ Handling energy_readings for topic devices/energy_readings
 [info] 📊 Parsed payload → user=neetha, device=EV00123, energy=0, status=low_current
 [notice] ✅ Charging complete → neetha EV00123 | Used: 0 kWh | ₹0
[2025-11-10 12:30:10] [INFO] 📩 requests/get_authorized_devices → {"device_id":"EV00123","username":"neetha","action":"get_energy"}
 [info] [2025-11-10 12:30:10] [INFO] 📩 requests/get_authorized_devices → @"device_id":"EV00123","username":"neetha","action":"get_energy"
 [warning] ⚠️ DB ping failed, reconnecting...
 [notice] 🔄 Forced new DB connection before query.
 [info] 📩 MQTT message received on requests/get_authorized_devices
[2025-11-10 12:30:10] [INFO] 📩 requests/check_device → {"uid":"178","username":"neetha","device_id":"EV00123","status":"match","correlationId":"e5b5ba4790f10ad5","replyTo":"responses\/check_device"}
 [info] [2025-11-10 12:30:10] [INFO] 📩 requests/check_device → @"uid":"178","username":"neetha","device_id":"EV00123","status":"match","correlationId":"e5b5ba4790f10ad5","replyTo":"responses\/check_device"
 [warning] ⚠️ DB ping failed, reconnecting...
 [notice] 🔄 Forced new DB connection before query.
 [info] 📩 MQTT message received on requests/check_device
[2025-11-10 12:30:11] [INFO] 📩 devices/energy_readings → {"username":"neetha","deviceid":"EV00123","status":"match","energy":0}
 [info] [2025-11-10 12:30:11] [INFO] 📩 devices/energy_readings → @"username":"neetha","deviceid":"EV00123","status":"match","energy":0
 [warning] ⚠️ DB ping failed, reconnecting...
 [notice] 🔄 Forced new DB connection before query.
 [info] 📩 MQTT message received on devices/energy_readings
 [notice] 🔄 Forced new DB connection before query.
 [info] ⚡ Handling energy_readings for topic devices/energy_readings
 [info] 📊 Parsed payload → user=neetha, device=EV00123, energy=0, status=match
 [error]  💥 DB query failed on attempt 1: SQLSTATE[HY000]: General error: 2006 MySQL server has gone away: SELECT "base_table"."uid" AS "uid", "base_table"."uid" AS "base_table_uid"
FROM
"users" "base_table"
INNER JOIN "users_field_data" "users_field_data" ON "users_field_data"."uid" = "base_table"."uid"
WHERE "users_field_data"."name" LIKE :db_condition_placeholder_0 ESCAPE '\\'; Array
(
    [:db_condition_placeholder_0] => neetha
)
 
 [notice] 🔄 Forced new DB connection before query.
 [error]  💥 DB query failed on attempt 2: SQLSTATE[HY000]: General error: 2006 MySQL server has gone away: SELECT "base_table"."uid" AS "uid", "base_table"."uid" AS "base_table_uid"
FROM
"users" "base_table"
INNER JOIN "users_field_data" "users_field_data" ON "users_field_data"."uid" = "base_table"."uid"
WHERE "users_field_data"."name" LIKE :db_condition_placeholder_0 ESCAPE '\\'; Array
(
    [:db_condition_placeholder_0] => neetha
)
 
 [error]  ❌ Could not find or query user neetha after retries — skipping message. 
[2025-11-10 12:30:45] [INFO] 📩 devices/energy_readings → {"username":"neetha","deviceid":"EV00123","status":"high_current","energy":0}
 [info] [2025-11-10 12:30:45] [INFO] 📩 devices/energy_readings → @"username":"neetha","deviceid":"EV00123","status":"high_current","energy":0
 [warning] ⚠️ DB ping failed, reconnecting...
 [notice] 🔄 Forced new DB connection before query.
 [info] 📩 MQTT message received on devices/energy_readings
 [notice] 🔄 Forced new DB connection before query.
 [info] ⚡ Handling energy_readings for topic devices/energy_readings
 [info] 📊 Parsed payload → user=neetha, device=EV00123, energy=0, status=high_current
 [error]  💥 DB query failed on attempt 1: SQLSTATE[HY000]: General error: 2006 MySQL server has gone away: SELECT "base_table"."uid" AS "uid", "base_table"."uid" AS "base_table_uid"
FROM
"users" "base_table"
INNER JOIN "users_field_data" "users_field_data" ON "users_field_data"."uid" = "base_table"."uid"
WHERE "users_field_data"."name" LIKE :db_condition_placeholder_0 ESCAPE '\\'; Array
(
    [:db_condition_placeholder_0] => neetha
)
 
 [notice] 🔄 Forced new DB connection before query.
 [error]  💥 DB query failed on attempt 2: SQLSTATE[HY000]: General error: 2006 MySQL server has gone away: SELECT "base_table"."uid" AS "uid", "base_table"."uid" AS "base_table_uid"
FROM
"users" "base_table"
INNER JOIN "users_field_data" "users_field_data" ON "users_field_data"."uid" = "base_table"."uid"
WHERE "users_field_data"."name" LIKE :db_condition_placeholder_0 ESCAPE '\\'; Array
(
    [:db_condition_placeholder_0] => neetha
)
 
 [error]  ❌ Could not find or query user neetha after retries — skipping message. 
[2025-11-10 12:31:47] [INFO] 📩 devices/energy_readings → {"username":"neetha","deviceid":"EV00123","status":"high_current","energy":0}
 [info] [2025-11-10 12:31:47] [INFO] 📩 devices/energy_readings → @"username":"neetha","deviceid":"EV00123","status":"high_current","energy":0
 [warning] ⚠️ DB ping failed, reconnecting...
 [notice] 🔄 Forced new DB connection before query.
 [info] 📩 MQTT message received on devices/energy_readings
 [notice] 🔄 Forced new DB connection before query.
 [info] ⚡ Handling energy_readings for topic devices/energy_readings
 [info] 📊 Parsed payload → user=neetha, device=EV00123, energy=0, status=high_current
 [error]  💥 DB query failed on attempt 1: SQLSTATE[HY000]: General error: 2006 MySQL server has gone away: SELECT "base_table"."uid" AS "uid", "base_table"."uid" AS "base_table_uid"
FROM
"users" "base_table"
INNER JOIN "users_field_data" "users_field_data" ON "users_field_data"."uid" = "base_table"."uid"
WHERE "users_field_data"."name" LIKE :db_condition_placeholder_0 ESCAPE '\\'; Array
(
    [:db_condition_placeholder_0] => neetha
)
 
 [notice] 🔄 Forced new DB connection before query.
 [error]  💥 DB query failed on attempt 2: SQLSTATE[HY000]: General error: 2006 MySQL server has gone away: SELECT "base_table"."uid" AS "uid", "base_table"."uid" AS "base_table_uid"
FROM
"users" "base_table"
INNER JOIN "users_field_data" "users_field_data" ON "users_field_data"."uid" = "base_table"."uid"
WHERE "users_field_data"."name" LIKE :db_condition_placeholder_0 ESCAPE '\\'; Array
(
    [:db_condition_placeholder_0] => neetha
)
 
 [error]  ❌ Could not find or query user neetha after retries — skipping message. 
[2025-11-10 12:32:48] [INFO] 📩 devices/energy_readings → {"username":"neetha","deviceid":"EV00123","status":"high_current","energy":0}
 [info] [2025-11-10 12:32:48] [INFO] 📩 devices/energy_readings → @"username":"neetha","deviceid":"EV00123","status":"high_current","energy":0
 [warning] ⚠️ DB ping failed, reconnecting...
 [notice] 🔄 Forced new DB connection before query.
 [info] 📩 MQTT message received on devices/energy_readings
 [notice] 🔄 Forced new DB connection before query.
 [info] ⚡ Handling energy_readings for topic devices/energy_readings
 [info] 📊 Parsed payload → user=neetha, device=EV00123, energy=0, status=high_current
 [error]  💥 DB query failed on attempt 1: SQLSTATE[HY000]: General error: 2006 MySQL server has gone away: SELECT "base_table"."uid" AS "uid", "base_table"."uid" AS "base_table_uid"
FROM
"users" "base_table"
INNER JOIN "users_field_data" "users_field_data" ON "users_field_data"."uid" = "base_table"."uid"
WHERE "users_field_data"."name" LIKE :db_condition_placeholder_0 ESCAPE '\\'; Array
(
    [:db_condition_placeholder_0] => neetha
)
 
 [notice] 🔄 Forced new DB connection before query.
 [error]  💥 DB query failed on attempt 2: SQLSTATE[HY000]: General error: 2006 MySQL server has gone away: SELECT "base_table"."uid" AS "uid", "base_table"."uid" AS "base_table_uid"
FROM
"users" "base_table"
INNER JOIN "users_field_data" "users_field_data" ON "users_field_data"."uid" = "base_table"."uid"
WHERE "users_field_data"."name" LIKE :db_condition_placeholder_0 ESCAPE '\\'; Array
(
    [:db_condition_placeholder_0] => neetha
)
 
 [error]  ❌ Could not find or query user neetha after retries — skipping message. 
[2025-11-10 12:33:49] [INFO] 📩 devices/energy_readings → {"username":"neetha","deviceid":"EV00123","status":"high_current","energy":0}
 [info] [2025-11-10 12:33:49] [INFO] 📩 devices/energy_readings → @"username":"neetha","deviceid":"EV00123","status":"high_current","energy":0
 [warning] ⚠️ DB ping failed, reconnecting...
 [notice] 🔄 Forced new DB connection before query.
 [info] 📩 MQTT message received on devices/energy_readings
 [notice] 🔄 Forced new DB connection before query.
 [info] ⚡ Handling energy_readings for topic devices/energy_readings
 [info] 📊 Parsed payload → user=neetha, device=EV00123, energy=0, status=high_current
 [error]  💥 DB query failed on attempt 1: SQLSTATE[HY000]: General error: 2006 MySQL server has gone away: SELECT "base_table"."uid" AS "uid", "base_table"."uid" AS "base_table_uid"
FROM
"users" "base_table"
INNER JOIN "users_field_data" "users_field_data" ON "users_field_data"."uid" = "base_table"."uid"
WHERE "users_field_data"."name" LIKE :db_condition_placeholder_0 ESCAPE '\\'; Array
(
    [:db_condition_placeholder_0] => neetha
)
 
 [notice] 🔄 Forced new DB connection before query.
 [error]  💥 DB query failed on attempt 2: SQLSTATE[HY000]: General error: 2006 MySQL server has gone away: SELECT "base_table"."uid" AS "uid", "base_table"."uid" AS "base_table_uid"
FROM
"users" "base_table"
INNER JOIN "users_field_data" "users_field_data" ON "users_field_data"."uid" = "base_table"."uid"
WHERE "users_field_data"."name" LIKE :db_condition_placeholder_0 ESCAPE '\\'; Array
(
    [:db_condition_placeholder_0] => neetha
)
 
 [error]  ❌ Could not find or query user neetha after retries — skipping message. 
[2025-11-10 12:34:51] [INFO] 📩 devices/energy_readings → {"username":"neetha","deviceid":"EV00123","status":"high_current","energy":0}
 [info] [2025-11-10 12:34:51] [INFO] 📩 devices/energy_readings → @"username":"neetha","deviceid":"EV00123","status":"high_current","energy":0
 [warning] ⚠️ DB ping failed, reconnecting...
 [notice] 🔄 Forced new DB connection before query.
 [info] 📩 MQTT message received on devices/energy_readings
 [notice] 🔄 Forced new DB connection before query.
 [info] ⚡ Handling energy_readings for topic devices/energy_readings
 [info] 📊 Parsed payload → user=neetha, device=EV00123, energy=0, status=high_current
 [error]  💥 DB query failed on attempt 1: SQLSTATE[HY000]: General error: 2006 MySQL server has gone away: SELECT "base_table"."uid" AS "uid", "base_table"."uid" AS "base_table_uid"
FROM
"users" "base_table"
INNER JOIN "users_field_data" "users_field_data" ON "users_field_data"."uid" = "base_table"."uid"
WHERE "users_field_data"."name" LIKE :db_condition_placeholder_0 ESCAPE '\\'; Array
(
    [:db_condition_placeholder_0] => neetha
)
 
 [notice] 🔄 Forced new DB connection before query.
 [error]  💥 DB query failed on attempt 2: SQLSTATE[HY000]: General error: 2006 MySQL server has gone away: SELECT "base_table"."uid" AS "uid", "base_table"."uid" AS "base_table_uid"
FROM
"users" "base_table"
INNER JOIN "users_field_data" "users_field_data" ON "users_field_data"."uid" = "base_table"."uid"
WHERE "users_field_data"."name" LIKE :db_condition_placeholder_0 ESCAPE '\\'; Array
(
    [:db_condition_placeholder_0] => neetha
)
 
 [error]  ❌ Could not find or query user neetha after retries — skipping message. 
[2025-11-10 12:35:52] [INFO] 📩 devices/energy_readings → {"username":"neetha","deviceid":"EV00123","status":"high_current","energy":0}
 [info] [2025-11-10 12:35:52] [INFO] 📩 devices/energy_readings → @"username":"neetha","deviceid":"EV00123","status":"high_current","energy":0
 [warning] ⚠️ DB ping failed, reconnecting...
 [notice] 🔄 Forced new DB connection before query.
 [info] 📩 MQTT message received on devices/energy_readings
 [notice] 🔄 Forced new DB connection before query.
 [info] ⚡ Handling energy_readings for topic devices/energy_readings
 [info] 📊 Parsed payload → user=neetha, device=EV00123, energy=0, status=high_current
 [error]  💥 DB query failed on attempt 1: SQLSTATE[HY000]: General error: 2006 MySQL server has gone away: SELECT "base_table"."uid" AS "uid", "base_table"."uid" AS "base_table_uid"
FROM
"users" "base_table"
INNER JOIN "users_field_data" "users_field_data" ON "users_field_data"."uid" = "base_table"."uid"
WHERE "users_field_data"."name" LIKE :db_condition_placeholder_0 ESCAPE '\\'; Array
(
    [:db_condition_placeholder_0] => neetha
)
 
 [notice] 🔄 Forced new DB connection before query.
 [error]  💥 DB query failed on attempt 2: SQLSTATE[HY000]: General error: 2006 MySQL server has gone away: SELECT "base_table"."uid" AS "uid", "base_table"."uid" AS "base_table_uid"
FROM
"users" "base_table"
INNER JOIN "users_field_data" "users_field_data" ON "users_field_data"."uid" = "base_table"."uid"
WHERE "users_field_data"."name" LIKE :db_condition_placeholder_0 ESCAPE '\\'; Array
(
    [:db_condition_placeholder_0] => neetha
)
 
 [error]  ❌ Could not find or query user neetha after retries — skipping message. 
[2025-11-10 12:36:53] [INFO] 📩 devices/energy_readings → {"username":"neetha","deviceid":"EV00123","status":"high_current","energy":0}
 [info] [2025-11-10 12:36:53] [INFO] 📩 devices/energy_readings → @"username":"neetha","deviceid":"EV00123","status":"high_current","energy":0
 [warning] ⚠️ DB ping failed, reconnecting...
 [notice] 🔄 Forced new DB connection before query.
 [info] 📩 MQTT message received on devices/energy_readings
 [notice] 🔄 Forced new DB connection before query.
 [info] ⚡ Handling energy_readings for topic devices/energy_readings
 [info] 📊 Parsed payload → user=neetha, device=EV00123, energy=0, status=high_current
 [error]  💥 DB query failed on attempt 1: SQLSTATE[HY000]: General error: 2006 MySQL server has gone away: SELECT "base_table"."uid" AS "uid", "base_table"."uid" AS "base_table_uid"
FROM
"users" "base_table"
INNER JOIN "users_field_data" "users_field_data" ON "users_field_data"."uid" = "base_table"."uid"
WHERE "users_field_data"."name" LIKE :db_condition_placeholder_0 ESCAPE '\\'; Array
(
    [:db_condition_placeholder_0] => neetha
)
 
 [notice] 🔄 Forced new DB connection before query.
 [error]  💥 DB query failed on attempt 2: SQLSTATE[HY000]: General error: 2006 MySQL server has gone away: SELECT "base_table"."uid" AS "uid", "base_table"."uid" AS "base_table_uid"
FROM
"users" "base_table"
INNER JOIN "users_field_data" "users_field_data" ON "users_field_data"."uid" = "base_table"."uid"
WHERE "users_field_data"."name" LIKE :db_condition_placeholder_0 ESCAPE '\\'; Array
(
    [:db_condition_placeholder_0] => neetha
)
 
 [error]  ❌ Could not find or query user neetha after retries — skipping message. 
[2025-11-10 12:37:54] [INFO] 📩 devices/energy_readings → {"username":"neetha","deviceid":"EV00123","status":"high_current","energy":0}
 [info] [2025-11-10 12:37:54] [INFO] 📩 devices/energy_readings → @"username":"neetha","deviceid":"EV00123","status":"high_current","energy":0
 [warning] ⚠️ DB ping failed, reconnecting...
 [notice] 🔄 Forced new DB connection before query.
 [info] 📩 MQTT message received on devices/energy_readings
 [notice] 🔄 Forced new DB connection before query.
 [info] ⚡ Handling energy_readings for topic devices/energy_readings
 [info] 📊 Parsed payload → user=neetha, device=EV00123, energy=0, status=high_current
 [error]  💥 DB query failed on attempt 1: SQLSTATE[HY000]: General error: 2006 MySQL server has gone away: SELECT "base_table"."uid" AS "uid", "base_table"."uid" AS "base_table_uid"
FROM
"users" "base_table"
INNER JOIN "users_field_data" "users_field_data" ON "users_field_data"."uid" = "base_table"."uid"
WHERE "users_field_data"."name" LIKE :db_condition_placeholder_0 ESCAPE '\\'; Array
(
    [:db_condition_placeholder_0] => neetha
)
 
 [notice] 🔄 Forced new DB connection before query.
 [error]  💥 DB query failed on attempt 2: SQLSTATE[HY000]: General error: 2006 MySQL server has gone away: SELECT "base_table"."uid" AS "uid", "base_table"."uid" AS "base_table_uid"
FROM
"users" "base_table"
INNER JOIN "users_field_data" "users_field_data" ON "users_field_data"."uid" = "base_table"."uid"
WHERE "users_field_data"."name" LIKE :db_condition_placeholder_0 ESCAPE '\\'; Array
(
    [:db_condition_placeholder_0] => neetha
)
 
 [error]  ❌ Could not find or query user neetha after retries — skipping message. 
[2025-11-10 12:38:56] [INFO] 📩 devices/energy_readings → {"username":"neetha","deviceid":"EV00123","status":"high_current","energy":0}
 [info] [2025-11-10 12:38:56] [INFO] 📩 devices/energy_readings → @"username":"neetha","deviceid":"EV00123","status":"high_current","energy":0
 [warning] ⚠️ DB ping failed, reconnecting...
 [notice] 🔄 Forced new DB connection before query.
 [info] 📩 MQTT message received on devices/energy_readings
 [notice] 🔄 Forced new DB connection before query.
 [info] ⚡ Handling energy_readings for topic devices/energy_readings
 [info] 📊 Parsed payload → user=neetha, device=EV00123, energy=0, status=high_current
 [error]  💥 DB query failed on attempt 1: SQLSTATE[HY000]: General error: 2006 MySQL server has gone away: SELECT "base_table"."uid" AS "uid", "base_table"."uid" AS "base_table_uid"
FROM
"users" "base_table"
INNER JOIN "users_field_data" "users_field_data" ON "users_field_data"."uid" = "base_table"."uid"
WHERE "users_field_data"."name" LIKE :db_condition_placeholder_0 ESCAPE '\\'; Array
(
    [:db_condition_placeholder_0] => neetha
)
 
 [notice] 🔄 Forced new DB connection before query.
 [error]  💥 DB query failed on attempt 2: SQLSTATE[HY000]: General error: 2006 MySQL server has gone away: SELECT "base_table"."uid" AS "uid", "base_table"."uid" AS "base_table_uid"
FROM
"users" "base_table"
INNER JOIN "users_field_data" "users_field_data" ON "users_field_data"."uid" = "base_table"."uid"
WHERE "users_field_data"."name" LIKE :db_condition_placeholder_0 ESCAPE '\\'; Array
(
    [:db_condition_placeholder_0] => neetha
)
 
 [error]  ❌ Could not find or query user neetha after retries — skipping message. 
[2025-11-10 12:39:57] [INFO] 📩 devices/energy_readings → {"username":"neetha","deviceid":"EV00123","status":"high_current","energy":0}
 [info] [2025-11-10 12:39:57] [INFO] 📩 devices/energy_readings → @"username":"neetha","deviceid":"EV00123","status":"high_current","energy":0
 [warning] ⚠️ DB ping failed, reconnecting...
 [notice] 🔄 Forced new DB connection before query.
 [info] 📩 MQTT message received on devices/energy_readings
 [notice] 🔄 Forced new DB connection before query.
 [info] ⚡ Handling energy_readings for topic devices/energy_readings
 [info] 📊 Parsed payload → user=neetha, device=EV00123, energy=0, status=high_current
 [error]  💥 DB query failed on attempt 1: SQLSTATE[HY000]: General error: 2006 MySQL server has gone away: SELECT "base_table"."uid" AS "uid", "base_table"."uid" AS "base_table_uid"
FROM
"users" "base_table"
INNER JOIN "users_field_data" "users_field_data" ON "users_field_data"."uid" = "base_table"."uid"
WHERE "users_field_data"."name" LIKE :db_condition_placeholder_0 ESCAPE '\\'; Array
(
    [:db_condition_placeholder_0] => neetha
)
 
 [notice] 🔄 Forced new DB connection before query.
 [error]  💥 DB query failed on attempt 2: SQLSTATE[HY000]: General error: 2006 MySQL server has gone away: SELECT "base_table"."uid" AS "uid", "base_table"."uid" AS "base_table_uid"
FROM
"users" "base_table"
INNER JOIN "users_field_data" "users_field_data" ON "users_field_data"."uid" = "base_table"."uid"
WHERE "users_field_data"."name" LIKE :db_condition_placeholder_0 ESCAPE '\\'; Array
(
    [:db_condition_placeholder_0] => neetha
)
 
 [error]  ❌ Could not find or query user neetha after retries — skipping message. 
[2025-11-10 12:40:58] [INFO] 📩 devices/energy_readings → {"username":"neetha","deviceid":"EV00123","status":"high_current","energy":0}
 [info] [2025-11-10 12:40:58] [INFO] 📩 devices/energy_readings → @"username":"neetha","deviceid":"EV00123","status":"high_current","energy":0
 [warning] ⚠️ DB ping failed, reconnecting...
 [notice] 🔄 Forced new DB connection before query.
 [info] 📩 MQTT message received on devices/energy_readings
 [notice] 🔄 Forced new DB connection before query.
 [info] ⚡ Handling energy_readings for topic devices/energy_readings
 [info] 📊 Parsed payload → user=neetha, device=EV00123, energy=0, status=high_current
 [error]  💥 DB query failed on attempt 1: SQLSTATE[HY000]: General error: 2006 MySQL server has gone away: SELECT "base_table"."uid" AS "uid", "base_table"."uid" AS "base_table_uid"
FROM
"users" "base_table"
INNER JOIN "users_field_data" "users_field_data" ON "users_field_data"."uid" = "base_table"."uid"
WHERE "users_field_data"."name" LIKE :db_condition_placeholder_0 ESCAPE '\\'; Array
(
    [:db_condition_placeholder_0] => neetha
)
 
 [notice] 🔄 Forced new DB connection before query.
 [error]  💥 DB query failed on attempt 2: SQLSTATE[HY000]: General error: 2006 MySQL server has gone away: SELECT "base_table"."uid" AS "uid", "base_table"."uid" AS "base_table_uid"
FROM
"users" "base_table"
INNER JOIN "users_field_data" "users_field_data" ON "users_field_data"."uid" = "base_table"."uid"
WHERE "users_field_data"."name" LIKE :db_condition_placeholder_0 ESCAPE '\\'; Array
(
    [:db_condition_placeholder_0] => neetha
)
 
 [error]  ❌ Could not find or query user neetha after retries — skipping message. 
[2025-11-10 12:42:00] [INFO] 📩 devices/energy_readings → {"username":"neetha","deviceid":"EV00123","status":"high_current","energy":0}
 [info] [2025-11-10 12:42:00] [INFO] 📩 devices/energy_readings → @"username":"neetha","deviceid":"EV00123","status":"high_current","energy":0
 [warning] ⚠️ DB ping failed, reconnecting...
 [notice] 🔄 Forced new DB connection before query.
 [info] 📩 MQTT message received on devices/energy_readings
 [notice] 🔄 Forced new DB connection before query.
 [info] ⚡ Handling energy_readings for topic devices/energy_readings
 [info] 📊 Parsed payload → user=neetha, device=EV00123, energy=0, status=high_current
 [error]  💥 DB query failed on attempt 1: SQLSTATE[HY000]: General error: 2006 MySQL server has gone away: SELECT "base_table"."uid" AS "uid", "base_table"."uid" AS "base_table_uid"
FROM
"users" "base_table"
INNER JOIN "users_field_data" "users_field_data" ON "users_field_data"."uid" = "base_table"."uid"
WHERE "users_field_data"."name" LIKE :db_condition_placeholder_0 ESCAPE '\\'; Array
(
    [:db_condition_placeholder_0] => neetha
)
 
 [notice] 🔄 Forced new DB connection before query.
 [error]  💥 DB query failed on attempt 2: SQLSTATE[HY000]: General error: 2006 MySQL server has gone away: SELECT "base_table"."uid" AS "uid", "base_table"."uid" AS "base_table_uid"
FROM
"users" "base_table"
INNER JOIN "users_field_data" "users_field_data" ON "users_field_data"."uid" = "base_table"."uid"
WHERE "users_field_data"."name" LIKE :db_condition_placeholder_0 ESCAPE '\\'; Array
(
    [:db_condition_placeholder_0] => neetha
)
 
 [error]  ❌ Could not find or query user neetha after retries — skipping message. 
[2025-11-10 12:43:01] [INFO] 📩 devices/energy_readings → {"username":"neetha","deviceid":"EV00123","status":"high_current","energy":0}
 [info] [2025-11-10 12:43:01] [INFO] 📩 devices/energy_readings → @"username":"neetha","deviceid":"EV00123","status":"high_current","energy":0
 [warning] ⚠️ DB ping failed, reconnecting...
 [notice] 🔄 Forced new DB connection before query.
 [info] 📩 MQTT message received on devices/energy_readings
 [notice] 🔄 Forced new DB connection before query.
 [info] ⚡ Handling energy_readings for topic devices/energy_readings
 [info] 📊 Parsed payload → user=neetha, device=EV00123, energy=0, status=high_current
 [error]  💥 DB query failed on attempt 1: SQLSTATE[HY000]: General error: 2006 MySQL server has gone away: SELECT "base_table"."uid" AS "uid", "base_table"."uid" AS "base_table_uid"
FROM
"users" "base_table"
INNER JOIN "users_field_data" "users_field_data" ON "users_field_data"."uid" = "base_table"."uid"
WHERE "users_field_data"."name" LIKE :db_condition_placeholder_0 ESCAPE '\\'; Array
(
    [:db_condition_placeholder_0] => neetha
)
 
 [notice] 🔄 Forced new DB connection before query.
 [error]  💥 DB query failed on attempt 2: SQLSTATE[HY000]: General error: 2006 MySQL server has gone away: SELECT "base_table"."uid" AS "uid", "base_table"."uid" AS "base_table_uid"
FROM
"users" "base_table"
INNER JOIN "users_field_data" "users_field_data" ON "users_field_data"."uid" = "base_table"."uid"
WHERE "users_field_data"."name" LIKE :db_condition_placeholder_0 ESCAPE '\\'; Array
(
    [:db_condition_placeholder_0] => neetha
)
 
 [error]  ❌ Could not find or query user neetha after retries — skipping message. 
[2025-11-10 12:44:02] [INFO] 📩 devices/energy_readings → {"username":"neetha","deviceid":"EV00123","status":"high_current","energy":0}
 [info] [2025-11-10 12:44:02] [INFO] 📩 devices/energy_readings → @"username":"neetha","deviceid":"EV00123","status":"high_current","energy":0
 [warning] ⚠️ DB ping failed, reconnecting...
 [notice] 🔄 Forced new DB connection before query.
 [info] 📩 MQTT message received on devices/energy_readings
 [notice] 🔄 Forced new DB connection before query.
 [info] ⚡ Handling energy_readings for topic devices/energy_readings
 [info] 📊 Parsed payload → user=neetha, device=EV00123, energy=0, status=high_current
 [error]  💥 DB query failed on attempt 1: SQLSTATE[HY000]: General error: 2006 MySQL server has gone away: SELECT "base_table"."uid" AS "uid", "base_table"."uid" AS "base_table_uid"
FROM
"users" "base_table"
INNER JOIN "users_field_data" "users_field_data" ON "users_field_data"."uid" = "base_table"."uid"
WHERE "users_field_data"."name" LIKE :db_condition_placeholder_0 ESCAPE '\\'; Array
(
    [:db_condition_placeholder_0] => neetha
)
 
 [notice] 🔄 Forced new DB connection before query.
 [error]  💥 DB query failed on attempt 2: SQLSTATE[HY000]: General error: 2006 MySQL server has gone away: SELECT "base_table"."uid" AS "uid", "base_table"."uid" AS "base_table_uid"
FROM
"users" "base_table"
INNER JOIN "users_field_data" "users_field_data" ON "users_field_data"."uid" = "base_table"."uid"
WHERE "users_field_data"."name" LIKE :db_condition_placeholder_0 ESCAPE '\\'; Array
(
    [:db_condition_placeholder_0] => neetha
)
 
 [error]  ❌ Could not find or query user neetha after retries — skipping message. 
[2025-11-10 12:45:04] [INFO] 📩 devices/energy_readings → {"username":"neetha","deviceid":"EV00123","status":"high_current","energy":0}
 [info] [2025-11-10 12:45:04] [INFO] 📩 devices/energy_readings → @"username":"neetha","deviceid":"EV00123","status":"high_current","energy":0
 [warning] ⚠️ DB ping failed, reconnecting...
 [notice] 🔄 Forced new DB connection before query.
 [info] 📩 MQTT message received on devices/energy_readings
 [notice] 🔄 Forced new DB connection before query.
 [info] ⚡ Handling energy_readings for topic devices/energy_readings
 [info] 📊 Parsed payload → user=neetha, device=EV00123, energy=0, status=high_current
 [error]  💥 DB query failed on attempt 1: SQLSTATE[HY000]: General error: 2006 MySQL server has gone away: SELECT "base_table"."uid" AS "uid", "base_table"."uid" AS "base_table_uid"
FROM
"users" "base_table"
INNER JOIN "users_field_data" "users_field_data" ON "users_field_data"."uid" = "base_table"."uid"
WHERE "users_field_data"."name" LIKE :db_condition_placeholder_0 ESCAPE '\\'; Array
(
    [:db_condition_placeholder_0] => neetha
)
 
 [notice] 🔄 Forced new DB connection before query.
 [error]  💥 DB query failed on attempt 2: SQLSTATE[HY000]: General error: 2006 MySQL server has gone away: SELECT "base_table"."uid" AS "uid", "base_table"."uid" AS "base_table_uid"
FROM
"users" "base_table"
INNER JOIN "users_field_data" "users_field_data" ON "users_field_data"."uid" = "base_table"."uid"
WHERE "users_field_data"."name" LIKE :db_condition_placeholder_0 ESCAPE '\\'; Array
(
    [:db_condition_placeholder_0] => neetha
)
 
 [error]  ❌ Could not find or query user neetha after retries — skipping message. 
[2025-11-10 12:46:05] [INFO] 📩 devices/energy_readings → {"username":"neetha","deviceid":"EV00123","status":"high_current","energy":0}
 [info] [2025-11-10 12:46:05] [INFO] 📩 devices/energy_readings → @"username":"neetha","deviceid":"EV00123","status":"high_current","energy":0
 [warning] ⚠️ DB ping failed, reconnecting...
 [notice] 🔄 Forced new DB connection before query.
 [info] 📩 MQTT message received on devices/energy_readings
 [notice] 🔄 Forced new DB connection before query.
 [info] ⚡ Handling energy_readings for topic devices/energy_readings
 [info] 📊 Parsed payload → user=neetha, device=EV00123, energy=0, status=high_current
 [error]  💥 DB query failed on attempt 1: SQLSTATE[HY000]: General error: 2006 MySQL server has gone away: SELECT "base_table"."uid" AS "uid", "base_table"."uid" AS "base_table_uid"
FROM
"users" "base_table"
INNER JOIN "users_field_data" "users_field_data" ON "users_field_data"."uid" = "base_table"."uid"
WHERE "users_field_data"."name" LIKE :db_condition_placeholder_0 ESCAPE '\\'; Array
(
    [:db_condition_placeholder_0] => neetha
)
 
 [notice] 🔄 Forced new DB connection before query.
 [error]  💥 DB query failed on attempt 2: SQLSTATE[HY000]: General error: 2006 MySQL server has gone away: SELECT "base_table"."uid" AS "uid", "base_table"."uid" AS "base_table_uid"
FROM
"users" "base_table"
INNER JOIN "users_field_data" "users_field_data" ON "users_field_data"."uid" = "base_table"."uid"
WHERE "users_field_data"."name" LIKE :db_condition_placeholder_0 ESCAPE '\\'; Array
(
    [:db_condition_placeholder_0] => neetha
)
 
 [error]  ❌ Could not find or query user neetha after retries — skipping message. 
[2025-11-10 12:47:06] [INFO] 📩 devices/energy_readings → {"username":"neetha","deviceid":"EV00123","status":"high_current","energy":0}
 [info] [2025-11-10 12:47:06] [INFO] 📩 devices/energy_readings → @"username":"neetha","deviceid":"EV00123","status":"high_current","energy":0
 [warning] ⚠️ DB ping failed, reconnecting...
 [notice] 🔄 Forced new DB connection before query.
 [info] 📩 MQTT message received on devices/energy_readings
 [notice] 🔄 Forced new DB connection before query.
 [info] ⚡ Handling energy_readings for topic devices/energy_readings
 [info] 📊 Parsed payload → user=neetha, device=EV00123, energy=0, status=high_current
 [error]  💥 DB query failed on attempt 1: SQLSTATE[HY000]: General error: 2006 MySQL server has gone away: SELECT "base_table"."uid" AS "uid", "base_table"."uid" AS "base_table_uid"
FROM
"users" "base_table"
INNER JOIN "users_field_data" "users_field_data" ON "users_field_data"."uid" = "base_table"."uid"
WHERE "users_field_data"."name" LIKE :db_condition_placeholder_0 ESCAPE '\\'; Array
(
    [:db_condition_placeholder_0] => neetha
)
 
 [notice] 🔄 Forced new DB connection before query.
 [error]  💥 DB query failed on attempt 2: SQLSTATE[HY000]: General error: 2006 MySQL server has gone away: SELECT "base_table"."uid" AS "uid", "base_table"."uid" AS "base_table_uid"
FROM
"users" "base_table"
INNER JOIN "users_field_data" "users_field_data" ON "users_field_data"."uid" = "base_table"."uid"
WHERE "users_field_data"."name" LIKE :db_condition_placeholder_0 ESCAPE '\\'; Array
(
    [:db_condition_placeholder_0] => neetha
)
 
 [error]  ❌ Could not find or query user neetha after retries — skipping message. 
[2025-11-10 12:48:08] [INFO] 📩 devices/energy_readings → {"username":"neetha","deviceid":"EV00123","status":"high_current","energy":0}
 [info] [2025-11-10 12:48:08] [INFO] 📩 devices/energy_readings → @"username":"neetha","deviceid":"EV00123","status":"high_current","energy":0
 [warning] ⚠️ DB ping failed, reconnecting...
 [notice] 🔄 Forced new DB connection before query.
 [info] 📩 MQTT message received on devices/energy_readings
 [notice] 🔄 Forced new DB connection before query.
 [info] ⚡ Handling energy_readings for topic devices/energy_readings
 [info] 📊 Parsed payload → user=neetha, device=EV00123, energy=0, status=high_current
 [error]  💥 DB query failed on attempt 1: SQLSTATE[HY000]: General error: 2006 MySQL server has gone away: SELECT "base_table"."uid" AS "uid", "base_table"."uid" AS "base_table_uid"
FROM
"users" "base_table"
INNER JOIN "users_field_data" "users_field_data" ON "users_field_data"."uid" = "base_table"."uid"
WHERE "users_field_data"."name" LIKE :db_condition_placeholder_0 ESCAPE '\\'; Array
(
    [:db_condition_placeholder_0] => neetha
)
 
 [notice] 🔄 Forced new DB connection before query.
 [error]  💥 DB query failed on attempt 2: SQLSTATE[HY000]: General error: 2006 MySQL server has gone away: SELECT "base_table"."uid" AS "uid", "base_table"."uid" AS "base_table_uid"
FROM
"users" "base_table"
INNER JOIN "users_field_data" "users_field_data" ON "users_field_data"."uid" = "base_table"."uid"
WHERE "users_field_data"."name" LIKE :db_condition_placeholder_0 ESCAPE '\\'; Array
(
    [:db_condition_placeholder_0] => neetha
)
 
 [error]  ❌ Could not find or query user neetha after retries — skipping message. 
[2025-11-10 12:49:09] [INFO] 📩 devices/energy_readings → {"username":"neetha","deviceid":"EV00123","status":"high_current","energy":0}
 [info] [2025-11-10 12:49:09] [INFO] 📩 devices/energy_readings → @"username":"neetha","deviceid":"EV00123","status":"high_current","energy":0
 [warning] ⚠️ DB ping failed, reconnecting...
 [notice] 🔄 Forced new DB connection before query.
 [info] 📩 MQTT message received on devices/energy_readings
 [notice] 🔄 Forced new DB connection before query.
 [info] ⚡ Handling energy_readings for topic devices/energy_readings
 [info] 📊 Parsed payload → user=neetha, device=EV00123, energy=0, status=high_current
 [error]  💥 DB query failed on attempt 1: SQLSTATE[HY000]: General error: 2006 MySQL server has gone away: SELECT "base_table"."uid" AS "uid", "base_table"."uid" AS "base_table_uid"
FROM
"users" "base_table"
INNER JOIN "users_field_data" "users_field_data" ON "users_field_data"."uid" = "base_table"."uid"
WHERE "users_field_data"."name" LIKE :db_condition_placeholder_0 ESCAPE '\\'; Array
(
    [:db_condition_placeholder_0] => neetha
)
 
 [notice] 🔄 Forced new DB connection before query.
 [error]  💥 DB query failed on attempt 2: SQLSTATE[HY000]: General error: 2006 MySQL server has gone away: SELECT "base_table"."uid" AS "uid", "base_table"."uid" AS "base_table_uid"
FROM
"users" "base_table"
INNER JOIN "users_field_data" "users_field_data" ON "users_field_data"."uid" = "base_table"."uid"
WHERE "users_field_data"."name" LIKE :db_condition_placeholder_0 ESCAPE '\\'; Array
(
    [:db_condition_placeholder_0] => neetha
)
 
 [error]  ❌ Could not find or query user neetha after retries — skipping message. 
[2025-11-10 12:50:10] [INFO] 📩 devices/energy_readings → {"username":"neetha","deviceid":"EV00123","status":"high_current","energy":0}
 [info] [2025-11-10 12:50:10] [INFO] 📩 devices/energy_readings → @"username":"neetha","deviceid":"EV00123","status":"high_current","energy":0
 [warning] ⚠️ DB ping failed, reconnecting...
 [notice] 🔄 Forced new DB connection before query.
 [info] 📩 MQTT message received on devices/energy_readings
 [notice] 🔄 Forced new DB connection before query.
 [info] ⚡ Handling energy_readings for topic devices/energy_readings
 [info] 📊 Parsed payload → user=neetha, device=EV00123, energy=0, status=high_current
 [error]  💥 DB query failed on attempt 1: SQLSTATE[HY000]: General error: 2006 MySQL server has gone away: SELECT "base_table"."uid" AS "uid", "base_table"."uid" AS "base_table_uid"
FROM
"users" "base_table"
INNER JOIN "users_field_data" "users_field_data" ON "users_field_data"."uid" = "base_table"."uid"
WHERE "users_field_data"."name" LIKE :db_condition_placeholder_0 ESCAPE '\\'; Array
(
    [:db_condition_placeholder_0] => neetha
)
 
 [notice] 🔄 Forced new DB connection before query.
 [error]  💥 DB query failed on attempt 2: SQLSTATE[HY000]: General error: 2006 MySQL server has gone away: SELECT "base_table"."uid" AS "uid", "base_table"."uid" AS "base_table_uid"
FROM
"users" "base_table"
INNER JOIN "users_field_data" "users_field_data" ON "users_field_data"."uid" = "base_table"."uid"
WHERE "users_field_data"."name" LIKE :db_condition_placeholder_0 ESCAPE '\\'; Array
(
    [:db_condition_placeholder_0] => neetha
)
 
 [error]  ❌ Could not find or query user neetha after retries — skipping message. 
[2025-11-10 12:51:12] [INFO] 📩 devices/energy_readings → {"username":"neetha","deviceid":"EV00123","status":"high_current","energy":0}
 [info] [2025-11-10 12:51:12] [INFO] 📩 devices/energy_readings → @"username":"neetha","deviceid":"EV00123","status":"high_current","energy":0
 [warning] ⚠️ DB ping failed, reconnecting...
 [notice] 🔄 Forced new DB connection before query.
 [info] 📩 MQTT message received on devices/energy_readings
 [notice] 🔄 Forced new DB connection before query.
 [info] ⚡ Handling energy_readings for topic devices/energy_readings
 [info] 📊 Parsed payload → user=neetha, device=EV00123, energy=0, status=high_current
 [error]  💥 DB query failed on attempt 1: SQLSTATE[HY000]: General error: 2006 MySQL server has gone away: SELECT "base_table"."uid" AS "uid", "base_table"."uid" AS "base_table_uid"
FROM
"users" "base_table"
INNER JOIN "users_field_data" "users_field_data" ON "users_field_data"."uid" = "base_table"."uid"
WHERE "users_field_data"."name" LIKE :db_condition_placeholder_0 ESCAPE '\\'; Array
(
    [:db_condition_placeholder_0] => neetha
)
 
 [notice] 🔄 Forced new DB connection before query.
 [error]  💥 DB query failed on attempt 2: SQLSTATE[HY000]: General error: 2006 MySQL server has gone away: SELECT "base_table"."uid" AS "uid", "base_table"."uid" AS "base_table_uid"
FROM
"users" "base_table"
INNER JOIN "users_field_data" "users_field_data" ON "users_field_data"."uid" = "base_table"."uid"
WHERE "users_field_data"."name" LIKE :db_condition_placeholder_0 ESCAPE '\\'; Array
(
    [:db_condition_placeholder_0] => neetha
)
 
 [error]  ❌ Could not find or query user neetha after retries — skipping message. 
[2025-11-10 12:52:13] [INFO] 📩 devices/energy_readings → {"username":"neetha","deviceid":"EV00123","status":"high_current","energy":0}
 [info] [2025-11-10 12:52:13] [INFO] 📩 devices/energy_readings → @"username":"neetha","deviceid":"EV00123","status":"high_current","energy":0
 [warning] ⚠️ DB ping failed, reconnecting...
 [notice] 🔄 Forced new DB connection before query.
 [info] 📩 MQTT message received on devices/energy_readings
 [notice] 🔄 Forced new DB connection before query.
 [info] ⚡ Handling energy_readings for topic devices/energy_readings
 [info] 📊 Parsed payload → user=neetha, device=EV00123, energy=0, status=high_current
 [error]  💥 DB query failed on attempt 1: SQLSTATE[HY000]: General error: 2006 MySQL server has gone away: SELECT "base_table"."uid" AS "uid", "base_table"."uid" AS "base_table_uid"
FROM
"users" "base_table"
INNER JOIN "users_field_data" "users_field_data" ON "users_field_data"."uid" = "base_table"."uid"
WHERE "users_field_data"."name" LIKE :db_condition_placeholder_0 ESCAPE '\\'; Array
(
    [:db_condition_placeholder_0] => neetha
)
 
 [notice] 🔄 Forced new DB connection before query.
 [error]  💥 DB query failed on attempt 2: SQLSTATE[HY000]: General error: 2006 MySQL server has gone away: SELECT "base_table"."uid" AS "uid", "base_table"."uid" AS "base_table_uid"
FROM
"users" "base_table"
INNER JOIN "users_field_data" "users_field_data" ON "users_field_data"."uid" = "base_table"."uid"
WHERE "users_field_data"."name" LIKE :db_condition_placeholder_0 ESCAPE '\\'; Array
(
    [:db_condition_placeholder_0] => neetha
)
 
 [error]  ❌ Could not find or query user neetha after retries — skipping message. 
[2025-11-10 12:53:14] [INFO] 📩 devices/energy_readings → {"username":"neetha","deviceid":"EV00123","status":"high_current","energy":0}
 [info] [2025-11-10 12:53:14] [INFO] 📩 devices/energy_readings → @"username":"neetha","deviceid":"EV00123","status":"high_current","energy":0
 [warning] ⚠️ DB ping failed, reconnecting...
 [notice] 🔄 Forced new DB connection before query.
 [info] 📩 MQTT message received on devices/energy_readings
 [notice] 🔄 Forced new DB connection before query.
 [info] ⚡ Handling energy_readings for topic devices/energy_readings
 [info] 📊 Parsed payload → user=neetha, device=EV00123, energy=0, status=high_current
 [error]  💥 DB query failed on attempt 1: SQLSTATE[HY000]: General error: 2006 MySQL server has gone away: SELECT "base_table"."uid" AS "uid", "base_table"."uid" AS "base_table_uid"
FROM
"users" "base_table"
INNER JOIN "users_field_data" "users_field_data" ON "users_field_data"."uid" = "base_table"."uid"
WHERE "users_field_data"."name" LIKE :db_condition_placeholder_0 ESCAPE '\\'; Array
(
    [:db_condition_placeholder_0] => neetha
)
 
 [notice] 🔄 Forced new DB connection before query.
 [error]  💥 DB query failed on attempt 2: SQLSTATE[HY000]: General error: 2006 MySQL server has gone away: SELECT "base_table"."uid" AS "uid", "base_table"."uid" AS "base_table_uid"
FROM
"users" "base_table"
INNER JOIN "users_field_data" "users_field_data" ON "users_field_data"."uid" = "base_table"."uid"
WHERE "users_field_data"."name" LIKE :db_condition_placeholder_0 ESCAPE '\\'; Array
(
    [:db_condition_placeholder_0] => neetha
)
 
 [error]  ❌ Could not find or query user neetha after retries — skipping message. 
[2025-11-10 12:54:15] [INFO] 📩 devices/energy_readings → {"username":"neetha","deviceid":"EV00123","status":"high_current","energy":0}
 [info] [2025-11-10 12:54:15] [INFO] 📩 devices/energy_readings → @"username":"neetha","deviceid":"EV00123","status":"high_current","energy":0
 [warning] ⚠️ DB ping failed, reconnecting...
 [notice] 🔄 Forced new DB connection before query.
 [info] 📩 MQTT message received on devices/energy_readings
 [notice] 🔄 Forced new DB connection before query.
 [info] ⚡ Handling energy_readings for topic devices/energy_readings
 [info] 📊 Parsed payload → user=neetha, device=EV00123, energy=0, status=high_current
 [error]  💥 DB query failed on attempt 1: SQLSTATE[HY000]: General error: 2006 MySQL server has gone away: SELECT "base_table"."uid" AS "uid", "base_table"."uid" AS "base_table_uid"
FROM
"users" "base_table"
INNER JOIN "users_field_data" "users_field_data" ON "users_field_data"."uid" = "base_table"."uid"
WHERE "users_field_data"."name" LIKE :db_condition_placeholder_0 ESCAPE '\\'; Array
(
    [:db_condition_placeholder_0] => neetha
)
 
 [notice] 🔄 Forced new DB connection before query.
 [error]  💥 DB query failed on attempt 2: SQLSTATE[HY000]: General error: 2006 MySQL server has gone away: SELECT "base_table"."uid" AS "uid", "base_table"."uid" AS "base_table_uid"
FROM
"users" "base_table"
INNER JOIN "users_field_data" "users_field_data" ON "users_field_data"."uid" = "base_table"."uid"
WHERE "users_field_data"."name" LIKE :db_condition_placeholder_0 ESCAPE '\\'; Array
(
    [:db_condition_placeholder_0] => neetha
)
 
 [error]  ❌ Could not find or query user neetha after retries — skipping message. 
[2025-11-10 12:55:17] [INFO] 📩 devices/energy_readings → {"username":"neetha","deviceid":"EV00123","status":"high_current","energy":0}
 [info] [2025-11-10 12:55:17] [INFO] 📩 devices/energy_readings → @"username":"neetha","deviceid":"EV00123","status":"high_current","energy":0
 [warning] ⚠️ DB ping failed, reconnecting...
 [notice] 🔄 Forced new DB connection before query.
 [info] 📩 MQTT message received on devices/energy_readings
 [notice] 🔄 Forced new DB connection before query.
 [info] ⚡ Handling energy_readings for topic devices/energy_readings
 [info] 📊 Parsed payload → user=neetha, device=EV00123, energy=0, status=high_current
 [error]  💥 DB query failed on attempt 1: SQLSTATE[HY000]: General error: 2006 MySQL server has gone away: SELECT "base_table"."uid" AS "uid", "base_table"."uid" AS "base_table_uid"
FROM
"users" "base_table"
INNER JOIN "users_field_data" "users_field_data" ON "users_field_data"."uid" = "base_table"."uid"
WHERE "users_field_data"."name" LIKE :db_condition_placeholder_0 ESCAPE '\\'; Array
(
    [:db_condition_placeholder_0] => neetha
)
 
 [notice] 🔄 Forced new DB connection before query.
 [error]  💥 DB query failed on attempt 2: SQLSTATE[HY000]: General error: 2006 MySQL server has gone away: SELECT "base_table"."uid" AS "uid", "base_table"."uid" AS "base_table_uid"
FROM
"users" "base_table"
INNER JOIN "users_field_data" "users_field_data" ON "users_field_data"."uid" = "base_table"."uid"
WHERE "users_field_data"."name" LIKE :db_condition_placeholder_0 ESCAPE '\\'; Array
(
    [:db_condition_placeholder_0] => neetha
)
 
 [error]  ❌ Could not find or query user neetha after retries — skipping message. 
[2025-11-10 12:56:18] [INFO] 📩 devices/energy_readings → {"username":"neetha","deviceid":"EV00123","status":"high_current","energy":0}
 [info] [2025-11-10 12:56:18] [INFO] 📩 devices/energy_readings → @"username":"neetha","deviceid":"EV00123","status":"high_current","energy":0
 [warning] ⚠️ DB ping failed, reconnecting...
 [notice] 🔄 Forced new DB connection before query.
 [info] 📩 MQTT message received on devices/energy_readings
 [notice] 🔄 Forced new DB connection before query.
 [info] ⚡ Handling energy_readings for topic devices/energy_readings
 [info] 📊 Parsed payload → user=neetha, device=EV00123, energy=0, status=high_current
 [error]  💥 DB query failed on attempt 1: SQLSTATE[HY000]: General error: 2006 MySQL server has gone away: SELECT "base_table"."uid" AS "uid", "base_table"."uid" AS "base_table_uid"
FROM
"users" "base_table"
INNER JOIN "users_field_data" "users_field_data" ON "users_field_data"."uid" = "base_table"."uid"
WHERE "users_field_data"."name" LIKE :db_condition_placeholder_0 ESCAPE '\\'; Array
(
    [:db_condition_placeholder_0] => neetha
)
 
 [notice] 🔄 Forced new DB connection before query.
 [error]  💥 DB query failed on attempt 2: SQLSTATE[HY000]: General error: 2006 MySQL server has gone away: SELECT "base_table"."uid" AS "uid", "base_table"."uid" AS "base_table_uid"
FROM
"users" "base_table"
INNER JOIN "users_field_data" "users_field_data" ON "users_field_data"."uid" = "base_table"."uid"
WHERE "users_field_data"."name" LIKE :db_condition_placeholder_0 ESCAPE '\\'; Array
(
    [:db_condition_placeholder_0] => neetha
)
 
 [error]  ❌ Could not find or query user neetha after retries — skipping message. 
[2025-11-10 12:57:19] [INFO] 📩 devices/energy_readings → {"username":"neetha","deviceid":"EV00123","status":"high_current","energy":0}
 [info] [2025-11-10 12:57:19] [INFO] 📩 devices/energy_readings → @"username":"neetha","deviceid":"EV00123","status":"high_current","energy":0
 [warning] ⚠️ DB ping failed, reconnecting...
 [notice] 🔄 Forced new DB connection before query.
 [info] 📩 MQTT message received on devices/energy_readings
 [notice] 🔄 Forced new DB connection before query.
 [info] ⚡ Handling energy_readings for topic devices/energy_readings
 [info] 📊 Parsed payload → user=neetha, device=EV00123, energy=0, status=high_current
 [error]  💥 DB query failed on attempt 1: SQLSTATE[HY000]: General error: 2006 MySQL server has gone away: SELECT "base_table"."uid" AS "uid", "base_table"."uid" AS "base_table_uid"
FROM
"users" "base_table"
INNER JOIN "users_field_data" "users_field_data" ON "users_field_data"."uid" = "base_table"."uid"
WHERE "users_field_data"."name" LIKE :db_condition_placeholder_0 ESCAPE '\\'; Array
(
    [:db_condition_placeholder_0] => neetha
)
 
 [notice] 🔄 Forced new DB connection before query.
 [error]  💥 DB query failed on attempt 2: SQLSTATE[HY000]: General error: 2006 MySQL server has gone away: SELECT "base_table"."uid" AS "uid", "base_table"."uid" AS "base_table_uid"
FROM
"users" "base_table"
INNER JOIN "users_field_data" "users_field_data" ON "users_field_data"."uid" = "base_table"."uid"
WHERE "users_field_data"."name" LIKE :db_condition_placeholder_0 ESCAPE '\\'; Array
(
    [:db_condition_placeholder_0] => neetha
)
 
 [error]  ❌ Could not find or query user neetha after retries — skipping message. 
[2025-11-10 12:58:21] [INFO] 📩 devices/energy_readings → {"username":"neetha","deviceid":"EV00123","status":"high_current","energy":0}
 [info] [2025-11-10 12:58:21] [INFO] 📩 devices/energy_readings → @"username":"neetha","deviceid":"EV00123","status":"high_current","energy":0
 [warning] ⚠️ DB ping failed, reconnecting...
 [notice] 🔄 Forced new DB connection before query.
 [info] 📩 MQTT message received on devices/energy_readings
 [notice] 🔄 Forced new DB connection before query.
 [info] ⚡ Handling energy_readings for topic devices/energy_readings
 [info] 📊 Parsed payload → user=neetha, device=EV00123, energy=0, status=high_current
 [error]  💥 DB query failed on attempt 1: SQLSTATE[HY000]: General error: 2006 MySQL server has gone away: SELECT "base_table"."uid" AS "uid", "base_table"."uid" AS "base_table_uid"
FROM
"users" "base_table"
INNER JOIN "users_field_data" "users_field_data" ON "users_field_data"."uid" = "base_table"."uid"
WHERE "users_field_data"."name" LIKE :db_condition_placeholder_0 ESCAPE '\\'; Array
(
    [:db_condition_placeholder_0] => neetha
)
 
 [notice] 🔄 Forced new DB connection before query.
 [error]  💥 DB query failed on attempt 2: SQLSTATE[HY000]: General error: 2006 MySQL server has gone away: SELECT "base_table"."uid" AS "uid", "base_table"."uid" AS "base_table_uid"
FROM
"users" "base_table"
INNER JOIN "users_field_data" "users_field_data" ON "users_field_data"."uid" = "base_table"."uid"
WHERE "users_field_data"."name" LIKE :db_condition_placeholder_0 ESCAPE '\\'; Array
(
    [:db_condition_placeholder_0] => neetha
)
 
 [error]  ❌ Could not find or query user neetha after retries — skipping message. 
[2025-11-10 12:59:22] [INFO] 📩 devices/energy_readings → {"username":"neetha","deviceid":"EV00123","status":"high_current","energy":0}
 [info] [2025-11-10 12:59:22] [INFO] 📩 devices/energy_readings → @"username":"neetha","deviceid":"EV00123","status":"high_current","energy":0
 [warning] ⚠️ DB ping failed, reconnecting...
 [notice] 🔄 Forced new DB connection before query.
 [info] 📩 MQTT message received on devices/energy_readings
 [notice] 🔄 Forced new DB connection before query.
 [info] ⚡ Handling energy_readings for topic devices/energy_readings
 [info] 📊 Parsed payload → user=neetha, device=EV00123, energy=0, status=high_current
 [error]  💥 DB query failed on attempt 1: SQLSTATE[HY000]: General error: 2006 MySQL server has gone away: SELECT "base_table"."uid" AS "uid", "base_table"."uid" AS "base_table_uid"
FROM
"users" "base_table"
INNER JOIN "users_field_data" "users_field_data" ON "users_field_data"."uid" = "base_table"."uid"
WHERE "users_field_data"."name" LIKE :db_condition_placeholder_0 ESCAPE '\\'; Array
(
    [:db_condition_placeholder_0] => neetha
)
 
 [notice] 🔄 Forced new DB connection before query.
 [error]  💥 DB query failed on attempt 2: SQLSTATE[HY000]: General error: 2006 MySQL server has gone away: SELECT "base_table"."uid" AS "uid", "base_table"."uid" AS "base_table_uid"
FROM
"users" "base_table"
INNER JOIN "users_field_data" "users_field_data" ON "users_field_data"."uid" = "base_table"."uid"
WHERE "users_field_data"."name" LIKE :db_condition_placeholder_0 ESCAPE '\\'; Array
(
    [:db_condition_placeholder_0] => neetha
)
 
 [error]  ❌ Could not find or query user neetha after retries — skipping message. 
[2025-11-10 13:00:23] [INFO] 📩 devices/energy_readings → {"username":"neetha","deviceid":"EV00123","status":"high_current","energy":0}
 [info] [2025-11-10 13:00:23] [INFO] 📩 devices/energy_readings → @"username":"neetha","deviceid":"EV00123","status":"high_current","energy":0
 [warning] ⚠️ DB ping failed, reconnecting...
 [notice] 🔄 Forced new DB connection before query.
 [info] 📩 MQTT message received on devices/energy_readings
 [notice] 🔄 Forced new DB connection before query.
 [info] ⚡ Handling energy_readings for topic devices/energy_readings
 [info] 📊 Parsed payload → user=neetha, device=EV00123, energy=0, status=high_current
 [error]  💥 DB query failed on attempt 1: SQLSTATE[HY000]: General error: 2006 MySQL server has gone away: SELECT "base_table"."uid" AS "uid", "base_table"."uid" AS "base_table_uid"
FROM
"users" "base_table"
INNER JOIN "users_field_data" "users_field_data" ON "users_field_data"."uid" = "base_table"."uid"
WHERE "users_field_data"."name" LIKE :db_condition_placeholder_0 ESCAPE '\\'; Array
(
    [:db_condition_placeholder_0] => neetha
)
 
 [notice] 🔄 Forced new DB connection before query.
 [error]  💥 DB query failed on attempt 2: SQLSTATE[HY000]: General error: 2006 MySQL server has gone away: SELECT "base_table"."uid" AS "uid", "base_table"."uid" AS "base_table_uid"
FROM
"users" "base_table"
INNER JOIN "users_field_data" "users_field_data" ON "users_field_data"."uid" = "base_table"."uid"
WHERE "users_field_data"."name" LIKE :db_condition_placeholder_0 ESCAPE '\\'; Array
(
    [:db_condition_placeholder_0] => neetha
)
 
 [error]  ❌ Could not find or query user neetha after retries — skipping message. 
[2025-11-10 13:01:25] [INFO] 📩 devices/energy_readings → {"username":"neetha","deviceid":"EV00123","status":"high_current","energy":0}
 [info] [2025-11-10 13:01:25] [INFO] 📩 devices/energy_readings → @"username":"neetha","deviceid":"EV00123","status":"high_current","energy":0
 [warning] ⚠️ DB ping failed, reconnecting...
 [notice] 🔄 Forced new DB connection before query.
 [info] 📩 MQTT message received on devices/energy_readings
 [notice] 🔄 Forced new DB connection before query.
 [info] ⚡ Handling energy_readings for topic devices/energy_readings
 [info] 📊 Parsed payload → user=neetha, device=EV00123, energy=0, status=high_current
 [error]  💥 DB query failed on attempt 1: SQLSTATE[HY000]: General error: 2006 MySQL server has gone away: SELECT "base_table"."uid" AS "uid", "base_table"."uid" AS "base_table_uid"
FROM
"users" "base_table"
INNER JOIN "users_field_data" "users_field_data" ON "users_field_data"."uid" = "base_table"."uid"
WHERE "users_field_data"."name" LIKE :db_condition_placeholder_0 ESCAPE '\\'; Array
(
    [:db_condition_placeholder_0] => neetha
)
 
 [notice] 🔄 Forced new DB connection before query.
 [error]  💥 DB query failed on attempt 2: SQLSTATE[HY000]: General error: 2006 MySQL server has gone away: SELECT "base_table"."uid" AS "uid", "base_table"."uid" AS "base_table_uid"
FROM
"users" "base_table"
INNER JOIN "users_field_data" "users_field_data" ON "users_field_data"."uid" = "base_table"."uid"
WHERE "users_field_data"."name" LIKE :db_condition_placeholder_0 ESCAPE '\\'; Array
(
    [:db_condition_placeholder_0] => neetha
)
 
 [error]  ❌ Could not find or query user neetha after retries — skipping message. 
[2025-11-10 13:02:26] [INFO] 📩 devices/energy_readings → {"username":"neetha","deviceid":"EV00123","status":"high_current","energy":0}
 [info] [2025-11-10 13:02:26] [INFO] 📩 devices/energy_readings → @"username":"neetha","deviceid":"EV00123","status":"high_current","energy":0
 [warning] ⚠️ DB ping failed, reconnecting...
 [notice] 🔄 Forced new DB connection before query.
 [info] 📩 MQTT message received on devices/energy_readings
 [notice] 🔄 Forced new DB connection before query.
 [info] ⚡ Handling energy_readings for topic devices/energy_readings
 [info] 📊 Parsed payload → user=neetha, device=EV00123, energy=0, status=high_current
 [error]  💥 DB query failed on attempt 1: SQLSTATE[HY000]: General error: 2006 MySQL server has gone away: SELECT "base_table"."uid" AS "uid", "base_table"."uid" AS "base_table_uid"
FROM
"users" "base_table"
INNER JOIN "users_field_data" "users_field_data" ON "users_field_data"."uid" = "base_table"."uid"
WHERE "users_field_data"."name" LIKE :db_condition_placeholder_0 ESCAPE '\\'; Array
(
    [:db_condition_placeholder_0] => neetha
)
 
 [notice] 🔄 Forced new DB connection before query.
 [error]  💥 DB query failed on attempt 2: SQLSTATE[HY000]: General error: 2006 MySQL server has gone away: SELECT "base_table"."uid" AS "uid", "base_table"."uid" AS "base_table_uid"
FROM
"users" "base_table"
INNER JOIN "users_field_data" "users_field_data" ON "users_field_data"."uid" = "base_table"."uid"
WHERE "users_field_data"."name" LIKE :db_condition_placeholder_0 ESCAPE '\\'; Array
(
    [:db_condition_placeholder_0] => neetha
)
 
 [error]  ❌ Could not find or query user neetha after retries — skipping message. 
[2025-11-10 13:03:27] [INFO] 📩 devices/energy_readings → {"username":"neetha","deviceid":"EV00123","status":"high_current","energy":0}
 [info] [2025-11-10 13:03:27] [INFO] 📩 devices/energy_readings → @"username":"neetha","deviceid":"EV00123","status":"high_current","energy":0
 [warning] ⚠️ DB ping failed, reconnecting...
 [notice] 🔄 Forced new DB connection before query.
 [info] 📩 MQTT message received on devices/energy_readings
 [notice] 🔄 Forced new DB connection before query.
 [info] ⚡ Handling energy_readings for topic devices/energy_readings
 [info] 📊 Parsed payload → user=neetha, device=EV00123, energy=0, status=high_current
 [error]  💥 DB query failed on attempt 1: SQLSTATE[HY000]: General error: 2006 MySQL server has gone away: SELECT "base_table"."uid" AS "uid", "base_table"."uid" AS "base_table_uid"
FROM
"users" "base_table"
INNER JOIN "users_field_data" "users_field_data" ON "users_field_data"."uid" = "base_table"."uid"
WHERE "users_field_data"."name" LIKE :db_condition_placeholder_0 ESCAPE '\\'; Array
(
    [:db_condition_placeholder_0] => neetha
)
 
 [notice] 🔄 Forced new DB connection before query.
 [error]  💥 DB query failed on attempt 2: SQLSTATE[HY000]: General error: 2006 MySQL server has gone away: SELECT "base_table"."uid" AS "uid", "base_table"."uid" AS "base_table_uid"
FROM
"users" "base_table"
INNER JOIN "users_field_data" "users_field_data" ON "users_field_data"."uid" = "base_table"."uid"
WHERE "users_field_data"."name" LIKE :db_condition_placeholder_0 ESCAPE '\\'; Array
(
    [:db_condition_placeholder_0] => neetha
)
 
 [error]  ❌ Could not find or query user neetha after retries — skipping message. 
[2025-11-10 13:04:29] [INFO] 📩 devices/energy_readings → {"username":"neetha","deviceid":"EV00123","status":"high_current","energy":0}
 [info] [2025-11-10 13:04:29] [INFO] 📩 devices/energy_readings → @"username":"neetha","deviceid":"EV00123","status":"high_current","energy":0
 [warning] ⚠️ DB ping failed, reconnecting...
 [notice] 🔄 Forced new DB connection before query.
 [info] 📩 MQTT message received on devices/energy_readings
 [notice] 🔄 Forced new DB connection before query.
 [info] ⚡ Handling energy_readings for topic devices/energy_readings
 [info] 📊 Parsed payload → user=neetha, device=EV00123, energy=0, status=high_current
 [error]  💥 DB query failed on attempt 1: SQLSTATE[HY000]: General error: 2006 MySQL server has gone away: SELECT "base_table"."uid" AS "uid", "base_table"."uid" AS "base_table_uid"
FROM
"users" "base_table"
INNER JOIN "users_field_data" "users_field_data" ON "users_field_data"."uid" = "base_table"."uid"
WHERE "users_field_data"."name" LIKE :db_condition_placeholder_0 ESCAPE '\\'; Array
(
    [:db_condition_placeholder_0] => neetha
)
 
 [notice] 🔄 Forced new DB connection before query.
 [error]  💥 DB query failed on attempt 2: SQLSTATE[HY000]: General error: 2006 MySQL server has gone away: SELECT "base_table"."uid" AS "uid", "base_table"."uid" AS "base_table_uid"
FROM
"users" "base_table"
INNER JOIN "users_field_data" "users_field_data" ON "users_field_data"."uid" = "base_table"."uid"
WHERE "users_field_data"."name" LIKE :db_condition_placeholder_0 ESCAPE '\\'; Array
(
    [:db_condition_placeholder_0] => neetha
)
 
 [error]  ❌ Could not find or query user neetha after retries — skipping message. 
[2025-11-10 13:05:30] [INFO] 📩 devices/energy_readings → {"username":"neetha","deviceid":"EV00123","status":"high_current","energy":0}
 [info] [2025-11-10 13:05:30] [INFO] 📩 devices/energy_readings → @"username":"neetha","deviceid":"EV00123","status":"high_current","energy":0
 [warning] ⚠️ DB ping failed, reconnecting...
 [notice] 🔄 Forced new DB connection before query.
 [info] 📩 MQTT message received on devices/energy_readings
 [notice] 🔄 Forced new DB connection before query.
 [info] ⚡ Handling energy_readings for topic devices/energy_readings
 [info] 📊 Parsed payload → user=neetha, device=EV00123, energy=0, status=high_current
 [error]  💥 DB query failed on attempt 1: SQLSTATE[HY000]: General error: 2006 MySQL server has gone away: SELECT "base_table"."uid" AS "uid", "base_table"."uid" AS "base_table_uid"
FROM
"users" "base_table"
INNER JOIN "users_field_data" "users_field_data" ON "users_field_data"."uid" = "base_table"."uid"
WHERE "users_field_data"."name" LIKE :db_condition_placeholder_0 ESCAPE '\\'; Array
(
    [:db_condition_placeholder_0] => neetha
)
 
 [notice] 🔄 Forced new DB connection before query.
 [error]  💥 DB query failed on attempt 2: SQLSTATE[HY000]: General error: 2006 MySQL server has gone away: SELECT "base_table"."uid" AS "uid", "base_table"."uid" AS "base_table_uid"
FROM
"users" "base_table"
INNER JOIN "users_field_data" "users_field_data" ON "users_field_data"."uid" = "base_table"."uid"
WHERE "users_field_data"."name" LIKE :db_condition_placeholder_0 ESCAPE '\\'; Array
(
    [:db_condition_placeholder_0] => neetha
)
 
 [error]  ❌ Could not find or query user neetha after retries — skipping message. 
[2025-11-10 13:06:31] [INFO] 📩 devices/energy_readings → {"username":"neetha","deviceid":"EV00123","status":"high_current","energy":0}
 [info] [2025-11-10 13:06:31] [INFO] 📩 devices/energy_readings → @"username":"neetha","deviceid":"EV00123","status":"high_current","energy":0
 [warning] ⚠️ DB ping failed, reconnecting...
 [notice] 🔄 Forced new DB connection before query.
 [info] 📩 MQTT message received on devices/energy_readings
 [notice] 🔄 Forced new DB connection before query.
 [info] ⚡ Handling energy_readings for topic devices/energy_readings
 [info] 📊 Parsed payload → user=neetha, device=EV00123, energy=0, status=high_current
 [error]  💥 DB query failed on attempt 1: SQLSTATE[HY000]: General error: 2006 MySQL server has gone away: SELECT "base_table"."uid" AS "uid", "base_table"."uid" AS "base_table_uid"
FROM
"users" "base_table"
INNER JOIN "users_field_data" "users_field_data" ON "users_field_data"."uid" = "base_table"."uid"
WHERE "users_field_data"."name" LIKE :db_condition_placeholder_0 ESCAPE '\\'; Array
(
    [:db_condition_placeholder_0] => neetha
)
 
 [notice] 🔄 Forced new DB connection before query.
 [error]  💥 DB query failed on attempt 2: SQLSTATE[HY000]: General error: 2006 MySQL server has gone away: SELECT "base_table"."uid" AS "uid", "base_table"."uid" AS "base_table_uid"
FROM
"users" "base_table"
INNER JOIN "users_field_data" "users_field_data" ON "users_field_data"."uid" = "base_table"."uid"
WHERE "users_field_data"."name" LIKE :db_condition_placeholder_0 ESCAPE '\\'; Array
(
    [:db_condition_placeholder_0] => neetha
)
 
 [error]  ❌ Could not find or query user neetha after retries — skipping message. 
[2025-11-10 13:07:33] [INFO] 📩 devices/energy_readings → {"username":"neetha","deviceid":"EV00123","status":"high_current","energy":0}
 [info] [2025-11-10 13:07:33] [INFO] 📩 devices/energy_readings → @"username":"neetha","deviceid":"EV00123","status":"high_current","energy":0
 [warning] ⚠️ DB ping failed, reconnecting...
 [notice] 🔄 Forced new DB connection before query.
 [info] 📩 MQTT message received on devices/energy_readings
 [notice] 🔄 Forced new DB connection before query.
 [info] ⚡ Handling energy_readings for topic devices/energy_readings
 [info] 📊 Parsed payload → user=neetha, device=EV00123, energy=0, status=high_current
 [error]  💥 DB query failed on attempt 1: SQLSTATE[HY000]: General error: 2006 MySQL server has gone away: SELECT "base_table"."uid" AS "uid", "base_table"."uid" AS "base_table_uid"
FROM
"users" "base_table"
INNER JOIN "users_field_data" "users_field_data" ON "users_field_data"."uid" = "base_table"."uid"
WHERE "users_field_data"."name" LIKE :db_condition_placeholder_0 ESCAPE '\\'; Array
(
    [:db_condition_placeholder_0] => neetha
)
 
 [notice] 🔄 Forced new DB connection before query.
 [error]  💥 DB query failed on attempt 2: SQLSTATE[HY000]: General error: 2006 MySQL server has gone away: SELECT "base_table"."uid" AS "uid", "base_table"."uid" AS "base_table_uid"
FROM
"users" "base_table"
INNER JOIN "users_field_data" "users_field_data" ON "users_field_data"."uid" = "base_table"."uid"
WHERE "users_field_data"."name" LIKE :db_condition_placeholder_0 ESCAPE '\\'; Array
(
    [:db_condition_placeholder_0] => neetha
)
 
 [error]  ❌ Could not find or query user neetha after retries — skipping message. 
[2025-11-10 13:08:34] [INFO] 📩 devices/energy_readings → {"username":"neetha","deviceid":"EV00123","status":"high_current","energy":0}
 [info] [2025-11-10 13:08:34] [INFO] 📩 devices/energy_readings → @"username":"neetha","deviceid":"EV00123","status":"high_current","energy":0
 [warning] ⚠️ DB ping failed, reconnecting...
 [notice] 🔄 Forced new DB connection before query.
 [info] 📩 MQTT message received on devices/energy_readings
 [notice] 🔄 Forced new DB connection before query.
 [info] ⚡ Handling energy_readings for topic devices/energy_readings
 [info] 📊 Parsed payload → user=neetha, device=EV00123, energy=0, status=high_current
 [error]  💥 DB query failed on attempt 1: SQLSTATE[HY000]: General error: 2006 MySQL server has gone away: SELECT "base_table"."uid" AS "uid", "base_table"."uid" AS "base_table_uid"
FROM
"users" "base_table"
INNER JOIN "users_field_data" "users_field_data" ON "users_field_data"."uid" = "base_table"."uid"
WHERE "users_field_data"."name" LIKE :db_condition_placeholder_0 ESCAPE '\\'; Array
(
    [:db_condition_placeholder_0] => neetha
)
 
 [notice] 🔄 Forced new DB connection before query.
 [error]  💥 DB query failed on attempt 2: SQLSTATE[HY000]: General error: 2006 MySQL server has gone away: SELECT "base_table"."uid" AS "uid", "base_table"."uid" AS "base_table_uid"
FROM
"users" "base_table"
INNER JOIN "users_field_data" "users_field_data" ON "users_field_data"."uid" = "base_table"."uid"
WHERE "users_field_data"."name" LIKE :db_condition_placeholder_0 ESCAPE '\\'; Array
(
    [:db_condition_placeholder_0] => neetha
)
 
 [error]  ❌ Could not find or query user neetha after retries — skipping message. 
[2025-11-10 13:09:35] [INFO] 📩 devices/energy_readings → {"username":"neetha","deviceid":"EV00123","status":"high_current","energy":0}
 [info] [2025-11-10 13:09:35] [INFO] 📩 devices/energy_readings → @"username":"neetha","deviceid":"EV00123","status":"high_current","energy":0
 [warning] ⚠️ DB ping failed, reconnecting...
 [notice] 🔄 Forced new DB connection before query.
 [info] 📩 MQTT message received on devices/energy_readings
 [notice] 🔄 Forced new DB connection before query.
 [info] ⚡ Handling energy_readings for topic devices/energy_readings
 [info] 📊 Parsed payload → user=neetha, device=EV00123, energy=0, status=high_current
 [error]  💥 DB query failed on attempt 1: SQLSTATE[HY000]: General error: 2006 MySQL server has gone away: SELECT "base_table"."uid" AS "uid", "base_table"."uid" AS "base_table_uid"
FROM
"users" "base_table"
INNER JOIN "users_field_data" "users_field_data" ON "users_field_data"."uid" = "base_table"."uid"
WHERE "users_field_data"."name" LIKE :db_condition_placeholder_0 ESCAPE '\\'; Array
(
    [:db_condition_placeholder_0] => neetha
)
 
 [notice] 🔄 Forced new DB connection before query.
 [error]  💥 DB query failed on attempt 2: SQLSTATE[HY000]: General error: 2006 MySQL server has gone away: SELECT "base_table"."uid" AS "uid", "base_table"."uid" AS "base_table_uid"
FROM
"users" "base_table"
INNER JOIN "users_field_data" "users_field_data" ON "users_field_data"."uid" = "base_table"."uid"
WHERE "users_field_data"."name" LIKE :db_condition_placeholder_0 ESCAPE '\\'; Array
(
    [:db_condition_placeholder_0] => neetha
)
 
 [error]  ❌ Could not find or query user neetha after retries — skipping message. 
[2025-11-10 13:10:37] [INFO] 📩 devices/energy_readings → {"username":"neetha","deviceid":"EV00123","status":"high_current","energy":0}
 [info] [2025-11-10 13:10:37] [INFO] 📩 devices/energy_readings → @"username":"neetha","deviceid":"EV00123","status":"high_current","energy":0
 [warning] ⚠️ DB ping failed, reconnecting...
 [notice] 🔄 Forced new DB connection before query.
 [info] 📩 MQTT message received on devices/energy_readings
 [notice] 🔄 Forced new DB connection before query.
 [info] ⚡ Handling energy_readings for topic devices/energy_readings
 [info] 📊 Parsed payload → user=neetha, device=EV00123, energy=0, status=high_current
 [error]  💥 DB query failed on attempt 1: SQLSTATE[HY000]: General error: 2006 MySQL server has gone away: SELECT "base_table"."uid" AS "uid", "base_table"."uid" AS "base_table_uid"
FROM
"users" "base_table"
INNER JOIN "users_field_data" "users_field_data" ON "users_field_data"."uid" = "base_table"."uid"
WHERE "users_field_data"."name" LIKE :db_condition_placeholder_0 ESCAPE '\\'; Array
(
    [:db_condition_placeholder_0] => neetha
)
 
 [notice] 🔄 Forced new DB connection before query.
 [error]  💥 DB query failed on attempt 2: SQLSTATE[HY000]: General error: 2006 MySQL server has gone away: SELECT "base_table"."uid" AS "uid", "base_table"."uid" AS "base_table_uid"
FROM
"users" "base_table"
INNER JOIN "users_field_data" "users_field_data" ON "users_field_data"."uid" = "base_table"."uid"
WHERE "users_field_data"."name" LIKE :db_condition_placeholder_0 ESCAPE '\\'; Array
(
    [:db_condition_placeholder_0] => neetha
)
 
 [error]  ❌ Could not find or query user neetha after retries — skipping message. 
[2025-11-10 13:11:38] [INFO] 📩 devices/energy_readings → {"username":"neetha","deviceid":"EV00123","status":"high_current","energy":0}
 [info] [2025-11-10 13:11:38] [INFO] 📩 devices/energy_readings → @"username":"neetha","deviceid":"EV00123","status":"high_current","energy":0
 [warning] ⚠️ DB ping failed, reconnecting...
 [notice] 🔄 Forced new DB connection before query.
 [info] 📩 MQTT message received on devices/energy_readings
 [notice] 🔄 Forced new DB connection before query.
 [info] ⚡ Handling energy_readings for topic devices/energy_readings
 [info] 📊 Parsed payload → user=neetha, device=EV00123, energy=0, status=high_current
 [error]  💥 DB query failed on attempt 1: SQLSTATE[HY000]: General error: 2006 MySQL server has gone away: SELECT "base_table"."uid" AS "uid", "base_table"."uid" AS "base_table_uid"
FROM
"users" "base_table"
INNER JOIN "users_field_data" "users_field_data" ON "users_field_data"."uid" = "base_table"."uid"
WHERE "users_field_data"."name" LIKE :db_condition_placeholder_0 ESCAPE '\\'; Array
(
    [:db_condition_placeholder_0] => neetha
)
 
 [notice] 🔄 Forced new DB connection before query.
 [error]  💥 DB query failed on attempt 2: SQLSTATE[HY000]: General error: 2006 MySQL server has gone away: SELECT "base_table"."uid" AS "uid", "base_table"."uid" AS "base_table_uid"
FROM
"users" "base_table"
INNER JOIN "users_field_data" "users_field_data" ON "users_field_data"."uid" = "base_table"."uid"
WHERE "users_field_data"."name" LIKE :db_condition_placeholder_0 ESCAPE '\\'; Array
(
    [:db_condition_placeholder_0] => neetha
)
 
 [error]  ❌ Could not find or query user neetha after retries — skipping message. 
[2025-11-10 13:12:39] [INFO] 📩 devices/energy_readings → {"username":"neetha","deviceid":"EV00123","status":"high_current","energy":0}
 [info] [2025-11-10 13:12:39] [INFO] 📩 devices/energy_readings → @"username":"neetha","deviceid":"EV00123","status":"high_current","energy":0
 [warning] ⚠️ DB ping failed, reconnecting...
 [notice] 🔄 Forced new DB connection before query.
 [info] 📩 MQTT message received on devices/energy_readings
 [notice] 🔄 Forced new DB connection before query.
 [info] ⚡ Handling energy_readings for topic devices/energy_readings
 [info] 📊 Parsed payload → user=neetha, device=EV00123, energy=0, status=high_current
 [error]  💥 DB query failed on attempt 1: SQLSTATE[HY000]: General error: 2006 MySQL server has gone away: SELECT "base_table"."uid" AS "uid", "base_table"."uid" AS "base_table_uid"
FROM
"users" "base_table"
INNER JOIN "users_field_data" "users_field_data" ON "users_field_data"."uid" = "base_table"."uid"
WHERE "users_field_data"."name" LIKE :db_condition_placeholder_0 ESCAPE '\\'; Array
(
    [:db_condition_placeholder_0] => neetha
)
 
 [notice] 🔄 Forced new DB connection before query.
 [error]  💥 DB query failed on attempt 2: SQLSTATE[HY000]: General error: 2006 MySQL server has gone away: SELECT "base_table"."uid" AS "uid", "base_table"."uid" AS "base_table_uid"
FROM
"users" "base_table"
INNER JOIN "users_field_data" "users_field_data" ON "users_field_data"."uid" = "base_table"."uid"
WHERE "users_field_data"."name" LIKE :db_condition_placeholder_0 ESCAPE '\\'; Array
(
    [:db_condition_placeholder_0] => neetha
)
 
 [error]  ❌ Could not find or query user neetha after retries — skipping message. 
[2025-11-10 13:13:40] [INFO] 📩 devices/energy_readings → {"username":"neetha","deviceid":"EV00123","status":"high_current","energy":0}
 [info] [2025-11-10 13:13:40] [INFO] 📩 devices/energy_readings → @"username":"neetha","deviceid":"EV00123","status":"high_current","energy":0
 [warning] ⚠️ DB ping failed, reconnecting...
 [notice] 🔄 Forced new DB connection before query.
 [info] 📩 MQTT message received on devices/energy_readings
 [notice] 🔄 Forced new DB connection before query.
 [info] ⚡ Handling energy_readings for topic devices/energy_readings
 [info] 📊 Parsed payload → user=neetha, device=EV00123, energy=0, status=high_current
 [error]  💥 DB query failed on attempt 1: SQLSTATE[HY000]: General error: 2006 MySQL server has gone away: SELECT "base_table"."uid" AS "uid", "base_table"."uid" AS "base_table_uid"
FROM
"users" "base_table"
INNER JOIN "users_field_data" "users_field_data" ON "users_field_data"."uid" = "base_table"."uid"
WHERE "users_field_data"."name" LIKE :db_condition_placeholder_0 ESCAPE '\\'; Array
(
    [:db_condition_placeholder_0] => neetha
)
 
 [notice] 🔄 Forced new DB connection before query.
 [error]  💥 DB query failed on attempt 2: SQLSTATE[HY000]: General error: 2006 MySQL server has gone away: SELECT "base_table"."uid" AS "uid", "base_table"."uid" AS "base_table_uid"
FROM
"users" "base_table"
INNER JOIN "users_field_data" "users_field_data" ON "users_field_data"."uid" = "base_table"."uid"
WHERE "users_field_data"."name" LIKE :db_condition_placeholder_0 ESCAPE '\\'; Array
(
    [:db_condition_placeholder_0] => neetha
)
 
 [error]  ❌ Could not find or query user neetha after retries — skipping message. 
[2025-11-10 13:14:42] [INFO] 📩 devices/energy_readings → {"username":"neetha","deviceid":"EV00123","status":"high_current","energy":0}
 [info] [2025-11-10 13:14:42] [INFO] 📩 devices/energy_readings → @"username":"neetha","deviceid":"EV00123","status":"high_current","energy":0
 [warning] ⚠️ DB ping failed, reconnecting...
 [notice] 🔄 Forced new DB connection before query.
 [info] 📩 MQTT message received on devices/energy_readings
 [notice] 🔄 Forced new DB connection before query.
 [info] ⚡ Handling energy_readings for topic devices/energy_readings
 [info] 📊 Parsed payload → user=neetha, device=EV00123, energy=0, status=high_current
 [error]  💥 DB query failed on attempt 1: SQLSTATE[HY000]: General error: 2006 MySQL server has gone away: SELECT "base_table"."uid" AS "uid", "base_table"."uid" AS "base_table_uid"
FROM
"users" "base_table"
INNER JOIN "users_field_data" "users_field_data" ON "users_field_data"."uid" = "base_table"."uid"
WHERE "users_field_data"."name" LIKE :db_condition_placeholder_0 ESCAPE '\\'; Array
(
    [:db_condition_placeholder_0] => neetha
)
 
 [notice] 🔄 Forced new DB connection before query.
 [error]  💥 DB query failed on attempt 2: SQLSTATE[HY000]: General error: 2006 MySQL server has gone away: SELECT "base_table"."uid" AS "uid", "base_table"."uid" AS "base_table_uid"
FROM
"users" "base_table"
INNER JOIN "users_field_data" "users_field_data" ON "users_field_data"."uid" = "base_table"."uid"
WHERE "users_field_data"."name" LIKE :db_condition_placeholder_0 ESCAPE '\\'; Array
(
    [:db_condition_placeholder_0] => neetha
)
 
 [error]  ❌ Could not find or query user neetha after retries — skipping message. 
[2025-11-10 13:15:43] [INFO] 📩 devices/energy_readings → {"username":"neetha","deviceid":"EV00123","status":"high_current","energy":0}
 [info] [2025-11-10 13:15:43] [INFO] 📩 devices/energy_readings → @"username":"neetha","deviceid":"EV00123","status":"high_current","energy":0
 [warning] ⚠️ DB ping failed, reconnecting...
 [notice] 🔄 Forced new DB connection before query.
 [info] 📩 MQTT message received on devices/energy_readings
 [notice] 🔄 Forced new DB connection before query.
 [info] ⚡ Handling energy_readings for topic devices/energy_readings
 [info] 📊 Parsed payload → user=neetha, device=EV00123, energy=0, status=high_current
 [error]  💥 DB query failed on attempt 1: SQLSTATE[HY000]: General error: 2006 MySQL server has gone away: SELECT "base_table"."uid" AS "uid", "base_table"."uid" AS "base_table_uid"
FROM
"users" "base_table"
INNER JOIN "users_field_data" "users_field_data" ON "users_field_data"."uid" = "base_table"."uid"
WHERE "users_field_data"."name" LIKE :db_condition_placeholder_0 ESCAPE '\\'; Array
(
    [:db_condition_placeholder_0] => neetha
)
 
 [notice] 🔄 Forced new DB connection before query.
 [error]  💥 DB query failed on attempt 2: SQLSTATE[HY000]: General error: 2006 MySQL server has gone away: SELECT "base_table"."uid" AS "uid", "base_table"."uid" AS "base_table_uid"
FROM
"users" "base_table"
INNER JOIN "users_field_data" "users_field_data" ON "users_field_data"."uid" = "base_table"."uid"
WHERE "users_field_data"."name" LIKE :db_condition_placeholder_0 ESCAPE '\\'; Array
(
    [:db_condition_placeholder_0] => neetha
)
 
 [error]  ❌ Could not find or query user neetha after retries — skipping message. 
[2025-11-10 13:16:44] [INFO] 📩 devices/energy_readings → {"username":"neetha","deviceid":"EV00123","status":"high_current","energy":0}
 [info] [2025-11-10 13:16:44] [INFO] 📩 devices/energy_readings → @"username":"neetha","deviceid":"EV00123","status":"high_current","energy":0
 [warning] ⚠️ DB ping failed, reconnecting...
 [notice] 🔄 Forced new DB connection before query.
 [info] 📩 MQTT message received on devices/energy_readings
 [notice] 🔄 Forced new DB connection before query.
 [info] ⚡ Handling energy_readings for topic devices/energy_readings
 [info] 📊 Parsed payload → user=neetha, device=EV00123, energy=0, status=high_current
 [error]  💥 DB query failed on attempt 1: SQLSTATE[HY000]: General error: 2006 MySQL server has gone away: SELECT "base_table"."uid" AS "uid", "base_table"."uid" AS "base_table_uid"
FROM
"users" "base_table"
INNER JOIN "users_field_data" "users_field_data" ON "users_field_data"."uid" = "base_table"."uid"
WHERE "users_field_data"."name" LIKE :db_condition_placeholder_0 ESCAPE '\\'; Array
(
    [:db_condition_placeholder_0] => neetha
)
 
 [notice] 🔄 Forced new DB connection before query.
 [error]  💥 DB query failed on attempt 2: SQLSTATE[HY000]: General error: 2006 MySQL server has gone away: SELECT "base_table"."uid" AS "uid", "base_table"."uid" AS "base_table_uid"
FROM
"users" "base_table"
INNER JOIN "users_field_data" "users_field_data" ON "users_field_data"."uid" = "base_table"."uid"
WHERE "users_field_data"."name" LIKE :db_condition_placeholder_0 ESCAPE '\\'; Array
(
    [:db_condition_placeholder_0] => neetha
)
 
 [error]  ❌ Could not find or query user neetha after retries — skipping message. 
[2025-11-10 13:17:46] [INFO] 📩 devices/energy_readings → {"username":"neetha","deviceid":"EV00123","status":"high_current","energy":0}
 [info] [2025-11-10 13:17:46] [INFO] 📩 devices/energy_readings → @"username":"neetha","deviceid":"EV00123","status":"high_current","energy":0
 [warning] ⚠️ DB ping failed, reconnecting...
 [notice] 🔄 Forced new DB connection before query.
 [info] 📩 MQTT message received on devices/energy_readings
 [notice] 🔄 Forced new DB connection before query.
 [info] ⚡ Handling energy_readings for topic devices/energy_readings
 [info] 📊 Parsed payload → user=neetha, device=EV00123, energy=0, status=high_current
 [error]  💥 DB query failed on attempt 1: SQLSTATE[HY000]: General error: 2006 MySQL server has gone away: SELECT "base_table"."uid" AS "uid", "base_table"."uid" AS "base_table_uid"
FROM
"users" "base_table"
INNER JOIN "users_field_data" "users_field_data" ON "users_field_data"."uid" = "base_table"."uid"
WHERE "users_field_data"."name" LIKE :db_condition_placeholder_0 ESCAPE '\\'; Array
(
    [:db_condition_placeholder_0] => neetha
)
 
 [notice] 🔄 Forced new DB connection before query.
 [error]  💥 DB query failed on attempt 2: SQLSTATE[HY000]: General error: 2006 MySQL server has gone away: SELECT "base_table"."uid" AS "uid", "base_table"."uid" AS "base_table_uid"
FROM
"users" "base_table"
INNER JOIN "users_field_data" "users_field_data" ON "users_field_data"."uid" = "base_table"."uid"
WHERE "users_field_data"."name" LIKE :db_condition_placeholder_0 ESCAPE '\\'; Array
(
    [:db_condition_placeholder_0] => neetha
)
 
 [error]  ❌ Could not find or query user neetha after retries — skipping message. 
[2025-11-10 13:18:47] [INFO] 📩 devices/energy_readings → {"username":"neetha","deviceid":"EV00123","status":"high_current","energy":0}
 [info] [2025-11-10 13:18:47] [INFO] 📩 devices/energy_readings → @"username":"neetha","deviceid":"EV00123","status":"high_current","energy":0
 [warning] ⚠️ DB ping failed, reconnecting...
 [notice] 🔄 Forced new DB connection before query.
 [info] 📩 MQTT message received on devices/energy_readings
 [notice] 🔄 Forced new DB connection before query.
 [info] ⚡ Handling energy_readings for topic devices/energy_readings
 [info] 📊 Parsed payload → user=neetha, device=EV00123, energy=0, status=high_current
 [error]  💥 DB query failed on attempt 1: SQLSTATE[HY000]: General error: 2006 MySQL server has gone away: SELECT "base_table"."uid" AS "uid", "base_table"."uid" AS "base_table_uid"
FROM
"users" "base_table"
INNER JOIN "users_field_data" "users_field_data" ON "users_field_data"."uid" = "base_table"."uid"
WHERE "users_field_data"."name" LIKE :db_condition_placeholder_0 ESCAPE '\\'; Array
(
    [:db_condition_placeholder_0] => neetha
)
 
 [notice] 🔄 Forced new DB connection before query.
 [error]  💥 DB query failed on attempt 2: SQLSTATE[HY000]: General error: 2006 MySQL server has gone away: SELECT "base_table"."uid" AS "uid", "base_table"."uid" AS "base_table_uid"
FROM
"users" "base_table"
INNER JOIN "users_field_data" "users_field_data" ON "users_field_data"."uid" = "base_table"."uid"
WHERE "users_field_data"."name" LIKE :db_condition_placeholder_0 ESCAPE '\\'; Array
(
    [:db_condition_placeholder_0] => neetha
)
 
 [error]  ❌ Could not find or query user neetha after retries — skipping message. 
[2025-11-10 13:19:48] [INFO] 📩 devices/energy_readings → {"username":"neetha","deviceid":"EV00123","status":"high_current","energy":0}
 [info] [2025-11-10 13:19:48] [INFO] 📩 devices/energy_readings → @"username":"neetha","deviceid":"EV00123","status":"high_current","energy":0
 [warning] ⚠️ DB ping failed, reconnecting...
 [notice] 🔄 Forced new DB connection before query.
 [info] 📩 MQTT message received on devices/energy_readings
 [notice] 🔄 Forced new DB connection before query.
 [info] ⚡ Handling energy_readings for topic devices/energy_readings
 [info] 📊 Parsed payload → user=neetha, device=EV00123, energy=0, status=high_current
 [error]  💥 DB query failed on attempt 1: SQLSTATE[HY000]: General error: 2006 MySQL server has gone away: SELECT "base_table"."uid" AS "uid", "base_table"."uid" AS "base_table_uid"
FROM
"users" "base_table"
INNER JOIN "users_field_data" "users_field_data" ON "users_field_data"."uid" = "base_table"."uid"
WHERE "users_field_data"."name" LIKE :db_condition_placeholder_0 ESCAPE '\\'; Array
(
    [:db_condition_placeholder_0] => neetha
)
 
 [notice] 🔄 Forced new DB connection before query.
 [error]  💥 DB query failed on attempt 2: SQLSTATE[HY000]: General error: 2006 MySQL server has gone away: SELECT "base_table"."uid" AS "uid", "base_table"."uid" AS "base_table_uid"
FROM
"users" "base_table"
INNER JOIN "users_field_data" "users_field_data" ON "users_field_data"."uid" = "base_table"."uid"
WHERE "users_field_data"."name" LIKE :db_condition_placeholder_0 ESCAPE '\\'; Array
(
    [:db_condition_placeholder_0] => neetha
)
 
 [error]  ❌ Could not find or query user neetha after retries — skipping message. 
[2025-11-10 13:20:50] [INFO] 📩 devices/energy_readings → {"username":"neetha","deviceid":"EV00123","status":"high_current","energy":0}
 [info] [2025-11-10 13:20:50] [INFO] 📩 devices/energy_readings → @"username":"neetha","deviceid":"EV00123","status":"high_current","energy":0
 [warning] ⚠️ DB ping failed, reconnecting...
 [notice] 🔄 Forced new DB connection before query.
 [info] 📩 MQTT message received on devices/energy_readings
 [notice] 🔄 Forced new DB connection before query.
 [info] ⚡ Handling energy_readings for topic devices/energy_readings
 [info] 📊 Parsed payload → user=neetha, device=EV00123, energy=0, status=high_current
 [error]  💥 DB query failed on attempt 1: SQLSTATE[HY000]: General error: 2006 MySQL server has gone away: SELECT "base_table"."uid" AS "uid", "base_table"."uid" AS "base_table_uid"
FROM
"users" "base_table"
INNER JOIN "users_field_data" "users_field_data" ON "users_field_data"."uid" = "base_table"."uid"
WHERE "users_field_data"."name" LIKE :db_condition_placeholder_0 ESCAPE '\\'; Array
(
    [:db_condition_placeholder_0] => neetha
)
 
 [notice] 🔄 Forced new DB connection before query.
 [error]  💥 DB query failed on attempt 2: SQLSTATE[HY000]: General error: 2006 MySQL server has gone away: SELECT "base_table"."uid" AS "uid", "base_table"."uid" AS "base_table_uid"
FROM
"users" "base_table"
INNER JOIN "users_field_data" "users_field_data" ON "users_field_data"."uid" = "base_table"."uid"
WHERE "users_field_data"."name" LIKE :db_condition_placeholder_0 ESCAPE '\\'; Array
(
    [:db_condition_placeholder_0] => neetha
)
 
 [error]  ❌ Could not find or query user neetha after retries — skipping message. 
[2025-11-10 13:21:51] [INFO] 📩 devices/energy_readings → {"username":"neetha","deviceid":"EV00123","status":"high_current","energy":0}
 [info] [2025-11-10 13:21:51] [INFO] 📩 devices/energy_readings → @"username":"neetha","deviceid":"EV00123","status":"high_current","energy":0
 [warning] ⚠️ DB ping failed, reconnecting...
 [notice] 🔄 Forced new DB connection before query.
 [info] 📩 MQTT message received on devices/energy_readings
 [notice] 🔄 Forced new DB connection before query.
 [info] ⚡ Handling energy_readings for topic devices/energy_readings
 [info] 📊 Parsed payload → user=neetha, device=EV00123, energy=0, status=high_current
 [error]  💥 DB query failed on attempt 1: SQLSTATE[HY000]: General error: 2006 MySQL server has gone away: SELECT "base_table"."uid" AS "uid", "base_table"."uid" AS "base_table_uid"
FROM
"users" "base_table"
INNER JOIN "users_field_data" "users_field_data" ON "users_field_data"."uid" = "base_table"."uid"
WHERE "users_field_data"."name" LIKE :db_condition_placeholder_0 ESCAPE '\\'; Array
(
    [:db_condition_placeholder_0] => neetha
)
 
 [notice] 🔄 Forced new DB connection before query.
 [error]  💥 DB query failed on attempt 2: SQLSTATE[HY000]: General error: 2006 MySQL server has gone away: SELECT "base_table"."uid" AS "uid", "base_table"."uid" AS "base_table_uid"
FROM
"users" "base_table"
INNER JOIN "users_field_data" "users_field_data" ON "users_field_data"."uid" = "base_table"."uid"
WHERE "users_field_data"."name" LIKE :db_condition_placeholder_0 ESCAPE '\\'; Array
(
    [:db_condition_placeholder_0] => neetha
)
 
 [error]  ❌ Could not find or query user neetha after retries — skipping message. 
[2025-11-10 13:22:52] [INFO] 📩 devices/energy_readings → {"username":"neetha","deviceid":"EV00123","status":"high_current","energy":0}
 [info] [2025-11-10 13:22:52] [INFO] 📩 devices/energy_readings → @"username":"neetha","deviceid":"EV00123","status":"high_current","energy":0
 [warning] ⚠️ DB ping failed, reconnecting...
 [notice] 🔄 Forced new DB connection before query.
 [info] 📩 MQTT message received on devices/energy_readings
 [notice] 🔄 Forced new DB connection before query.
 [info] ⚡ Handling energy_readings for topic devices/energy_readings
 [info] 📊 Parsed payload → user=neetha, device=EV00123, energy=0, status=high_current
 [error]  💥 DB query failed on attempt 1: SQLSTATE[HY000]: General error: 2006 MySQL server has gone away: SELECT "base_table"."uid" AS "uid", "base_table"."uid" AS "base_table_uid"
FROM
"users" "base_table"
INNER JOIN "users_field_data" "users_field_data" ON "users_field_data"."uid" = "base_table"."uid"
WHERE "users_field_data"."name" LIKE :db_condition_placeholder_0 ESCAPE '\\'; Array
(
    [:db_condition_placeholder_0] => neetha
)
 
 [notice] 🔄 Forced new DB connection before query.
 [error]  💥 DB query failed on attempt 2: SQLSTATE[HY000]: General error: 2006 MySQL server has gone away: SELECT "base_table"."uid" AS "uid", "base_table"."uid" AS "base_table_uid"
FROM
"users" "base_table"
INNER JOIN "users_field_data" "users_field_data" ON "users_field_data"."uid" = "base_table"."uid"
WHERE "users_field_data"."name" LIKE :db_condition_placeholder_0 ESCAPE '\\'; Array
(
    [:db_condition_placeholder_0] => neetha
)
 
 [error]  ❌ Could not find or query user neetha after retries — skipping message. 
[2025-11-10 13:23:54] [INFO] 📩 devices/energy_readings → {"username":"neetha","deviceid":"EV00123","status":"high_current","energy":0}
 [info] [2025-11-10 13:23:54] [INFO] 📩 devices/energy_readings → @"username":"neetha","deviceid":"EV00123","status":"high_current","energy":0
 [warning] ⚠️ DB ping failed, reconnecting...
 [notice] 🔄 Forced new DB connection before query.
 [info] 📩 MQTT message received on devices/energy_readings
 [notice] 🔄 Forced new DB connection before query.
 [info] ⚡ Handling energy_readings for topic devices/energy_readings
 [info] 📊 Parsed payload → user=neetha, device=EV00123, energy=0, status=high_current
 [error]  💥 DB query failed on attempt 1: SQLSTATE[HY000]: General error: 2006 MySQL server has gone away: SELECT "base_table"."uid" AS "uid", "base_table"."uid" AS "base_table_uid"
FROM
"users" "base_table"
INNER JOIN "users_field_data" "users_field_data" ON "users_field_data"."uid" = "base_table"."uid"
WHERE "users_field_data"."name" LIKE :db_condition_placeholder_0 ESCAPE '\\'; Array
(
    [:db_condition_placeholder_0] => neetha
)
 
 [notice] 🔄 Forced new DB connection before query.
 [error]  💥 DB query failed on attempt 2: SQLSTATE[HY000]: General error: 2006 MySQL server has gone away: SELECT "base_table"."uid" AS "uid", "base_table"."uid" AS "base_table_uid"
FROM
"users" "base_table"
INNER JOIN "users_field_data" "users_field_data" ON "users_field_data"."uid" = "base_table"."uid"
WHERE "users_field_data"."name" LIKE :db_condition_placeholder_0 ESCAPE '\\'; Array
(
    [:db_condition_placeholder_0] => neetha
)
 
 [error]  ❌ Could not find or query user neetha after retries — skipping message. 
[2025-11-10 13:24:55] [INFO] 📩 devices/energy_readings → {"username":"neetha","deviceid":"EV00123","status":"high_current","energy":0}
 [info] [2025-11-10 13:24:55] [INFO] 📩 devices/energy_readings → @"username":"neetha","deviceid":"EV00123","status":"high_current","energy":0
 [warning] ⚠️ DB ping failed, reconnecting...
 [notice] 🔄 Forced new DB connection before query.
 [info] 📩 MQTT message received on devices/energy_readings
 [notice] 🔄 Forced new DB connection before query.
 [info] ⚡ Handling energy_readings for topic devices/energy_readings
 [info] 📊 Parsed payload → user=neetha, device=EV00123, energy=0, status=high_current
 [error]  💥 DB query failed on attempt 1: SQLSTATE[HY000]: General error: 2006 MySQL server has gone away: SELECT "base_table"."uid" AS "uid", "base_table"."uid" AS "base_table_uid"
FROM
"users" "base_table"
INNER JOIN "users_field_data" "users_field_data" ON "users_field_data"."uid" = "base_table"."uid"
WHERE "users_field_data"."name" LIKE :db_condition_placeholder_0 ESCAPE '\\'; Array
(
    [:db_condition_placeholder_0] => neetha
)
 
 [notice] 🔄 Forced new DB connection before query.
 [error]  💥 DB query failed on attempt 2: SQLSTATE[HY000]: General error: 2006 MySQL server has gone away: SELECT "base_table"."uid" AS "uid", "base_table"."uid" AS "base_table_uid"
FROM
"users" "base_table"
INNER JOIN "users_field_data" "users_field_data" ON "users_field_data"."uid" = "base_table"."uid"
WHERE "users_field_data"."name" LIKE :db_condition_placeholder_0 ESCAPE '\\'; Array
(
    [:db_condition_placeholder_0] => neetha
)
 
 [error]  ❌ Could not find or query user neetha after retries — skipping message. 
[2025-11-10 13:25:56] [INFO] 📩 devices/energy_readings → {"username":"neetha","deviceid":"EV00123","status":"high_current","energy":0}
 [info] [2025-11-10 13:25:56] [INFO] 📩 devices/energy_readings → @"username":"neetha","deviceid":"EV00123","status":"high_current","energy":0
 [warning] ⚠️ DB ping failed, reconnecting...
 [notice] 🔄 Forced new DB connection before query.
 [info] 📩 MQTT message received on devices/energy_readings
 [notice] 🔄 Forced new DB connection before query.
 [info] ⚡ Handling energy_readings for topic devices/energy_readings
 [info] 📊 Parsed payload → user=neetha, device=EV00123, energy=0, status=high_current
 [error]  💥 DB query failed on attempt 1: SQLSTATE[HY000]: General error: 2006 MySQL server has gone away: SELECT "base_table"."uid" AS "uid", "base_table"."uid" AS "base_table_uid"
FROM
"users" "base_table"
INNER JOIN "users_field_data" "users_field_data" ON "users_field_data"."uid" = "base_table"."uid"
WHERE "users_field_data"."name" LIKE :db_condition_placeholder_0 ESCAPE '\\'; Array
(
    [:db_condition_placeholder_0] => neetha
)
 
 [notice] 🔄 Forced new DB connection before query.
 [error]  💥 DB query failed on attempt 2: SQLSTATE[HY000]: General error: 2006 MySQL server has gone away: SELECT "base_table"."uid" AS "uid", "base_table"."uid" AS "base_table_uid"
FROM
"users" "base_table"
INNER JOIN "users_field_data" "users_field_data" ON "users_field_data"."uid" = "base_table"."uid"
WHERE "users_field_data"."name" LIKE :db_condition_placeholder_0 ESCAPE '\\'; Array
(
    [:db_condition_placeholder_0] => neetha
)
 
 [error]  ❌ Could not find or query user neetha after retries — skipping message. 
[2025-11-10 13:26:58] [INFO] 📩 devices/energy_readings → {"username":"neetha","deviceid":"EV00123","status":"high_current","energy":0}
 [info] [2025-11-10 13:26:58] [INFO] 📩 devices/energy_readings → @"username":"neetha","deviceid":"EV00123","status":"high_current","energy":0
 [warning] ⚠️ DB ping failed, reconnecting...
 [notice] 🔄 Forced new DB connection before query.
 [info] 📩 MQTT message received on devices/energy_readings
 [notice] 🔄 Forced new DB connection before query.
 [info] ⚡ Handling energy_readings for topic devices/energy_readings
 [info] 📊 Parsed payload → user=neetha, device=EV00123, energy=0, status=high_current
 [error]  💥 DB query failed on attempt 1: SQLSTATE[HY000]: General error: 2006 MySQL server has gone away: SELECT "base_table"."uid" AS "uid", "base_table"."uid" AS "base_table_uid"
FROM
"users" "base_table"
INNER JOIN "users_field_data" "users_field_data" ON "users_field_data"."uid" = "base_table"."uid"
WHERE "users_field_data"."name" LIKE :db_condition_placeholder_0 ESCAPE '\\'; Array
(
    [:db_condition_placeholder_0] => neetha
)
 
 [notice] 🔄 Forced new DB connection before query.
 [error]  💥 DB query failed on attempt 2: SQLSTATE[HY000]: General error: 2006 MySQL server has gone away: SELECT "base_table"."uid" AS "uid", "base_table"."uid" AS "base_table_uid"
FROM
"users" "base_table"
INNER JOIN "users_field_data" "users_field_data" ON "users_field_data"."uid" = "base_table"."uid"
WHERE "users_field_data"."name" LIKE :db_condition_placeholder_0 ESCAPE '\\'; Array
(
    [:db_condition_placeholder_0] => neetha
)
 
 [error]  ❌ Could not find or query user neetha after retries — skipping message. 
[2025-11-10 13:27:59] [INFO] 📩 devices/energy_readings → {"username":"neetha","deviceid":"EV00123","status":"high_current","energy":0}
 [info] [2025-11-10 13:27:59] [INFO] 📩 devices/energy_readings → @"username":"neetha","deviceid":"EV00123","status":"high_current","energy":0
 [warning] ⚠️ DB ping failed, reconnecting...
 [notice] 🔄 Forced new DB connection before query.
 [info] 📩 MQTT message received on devices/energy_readings
 [notice] 🔄 Forced new DB connection before query.
 [info] ⚡ Handling energy_readings for topic devices/energy_readings
 [info] 📊 Parsed payload → user=neetha, device=EV00123, energy=0, status=high_current
 [error]  💥 DB query failed on attempt 1: SQLSTATE[HY000]: General error: 2006 MySQL server has gone away: SELECT "base_table"."uid" AS "uid", "base_table"."uid" AS "base_table_uid"
FROM
"users" "base_table"
INNER JOIN "users_field_data" "users_field_data" ON "users_field_data"."uid" = "base_table"."uid"
WHERE "users_field_data"."name" LIKE :db_condition_placeholder_0 ESCAPE '\\'; Array
(
    [:db_condition_placeholder_0] => neetha
)
 
 [notice] 🔄 Forced new DB connection before query.
 [error]  💥 DB query failed on attempt 2: SQLSTATE[HY000]: General error: 2006 MySQL server has gone away: SELECT "base_table"."uid" AS "uid", "base_table"."uid" AS "base_table_uid"
FROM
"users" "base_table"
INNER JOIN "users_field_data" "users_field_data" ON "users_field_data"."uid" = "base_table"."uid"
WHERE "users_field_data"."name" LIKE :db_condition_placeholder_0 ESCAPE '\\'; Array
(
    [:db_condition_placeholder_0] => neetha
)
 
 [error]  ❌ Could not find or query user neetha after retries — skipping message. 
[2025-11-10 13:29:00] [INFO] 📩 devices/energy_readings → {"username":"neetha","deviceid":"EV00123","status":"high_current","energy":0}
 [info] [2025-11-10 13:29:00] [INFO] 📩 devices/energy_readings → @"username":"neetha","deviceid":"EV00123","status":"high_current","energy":0
 [warning] ⚠️ DB ping failed, reconnecting...
 [notice] 🔄 Forced new DB connection before query.
 [info] 📩 MQTT message received on devices/energy_readings
 [notice] 🔄 Forced new DB connection before query.
 [info] ⚡ Handling energy_readings for topic devices/energy_readings
 [info] 📊 Parsed payload → user=neetha, device=EV00123, energy=0, status=high_current
 [error]  💥 DB query failed on attempt 1: SQLSTATE[HY000]: General error: 2006 MySQL server has gone away: SELECT "base_table"."uid" AS "uid", "base_table"."uid" AS "base_table_uid"
FROM
"users" "base_table"
INNER JOIN "users_field_data" "users_field_data" ON "users_field_data"."uid" = "base_table"."uid"
WHERE "users_field_data"."name" LIKE :db_condition_placeholder_0 ESCAPE '\\'; Array
(
    [:db_condition_placeholder_0] => neetha
)
 
 [notice] 🔄 Forced new DB connection before query.
 [error]  💥 DB query failed on attempt 2: SQLSTATE[HY000]: General error: 2006 MySQL server has gone away: SELECT "base_table"."uid" AS "uid", "base_table"."uid" AS "base_table_uid"
FROM
"users" "base_table"
INNER JOIN "users_field_data" "users_field_data" ON "users_field_data"."uid" = "base_table"."uid"
WHERE "users_field_data"."name" LIKE :db_condition_placeholder_0 ESCAPE '\\'; Array
(
    [:db_condition_placeholder_0] => neetha
)
 
 [error]  ❌ Could not find or query user neetha after retries — skipping message. 
[2025-11-10 13:30:01] [INFO] 📩 devices/energy_readings → {"username":"neetha","deviceid":"EV00123","status":"high_current","energy":0}
 [info] [2025-11-10 13:30:01] [INFO] 📩 devices/energy_readings → @"username":"neetha","deviceid":"EV00123","status":"high_current","energy":0
 [warning] ⚠️ DB ping failed, reconnecting...
 [notice] 🔄 Forced new DB connection before query.
 [info] 📩 MQTT message received on devices/energy_readings
 [notice] 🔄 Forced new DB connection before query.
 [info] ⚡ Handling energy_readings for topic devices/energy_readings
 [info] 📊 Parsed payload → user=neetha, device=EV00123, energy=0, status=high_current
 [error]  💥 DB query failed on attempt 1: SQLSTATE[HY000]: General error: 2006 MySQL server has gone away: SELECT "base_table"."uid" AS "uid", "base_table"."uid" AS "base_table_uid"
FROM
"users" "base_table"
INNER JOIN "users_field_data" "users_field_data" ON "users_field_data"."uid" = "base_table"."uid"
WHERE "users_field_data"."name" LIKE :db_condition_placeholder_0 ESCAPE '\\'; Array
(
    [:db_condition_placeholder_0] => neetha
)
 
 [notice] 🔄 Forced new DB connection before query.
 [error]  💥 DB query failed on attempt 2: SQLSTATE[HY000]: General error: 2006 MySQL server has gone away: SELECT "base_table"."uid" AS "uid", "base_table"."uid" AS "base_table_uid"
FROM
"users" "base_table"
INNER JOIN "users_field_data" "users_field_data" ON "users_field_data"."uid" = "base_table"."uid"
WHERE "users_field_data"."name" LIKE :db_condition_placeholder_0 ESCAPE '\\'; Array
(
    [:db_condition_placeholder_0] => neetha
)
 
 [error]  ❌ Could not find or query user neetha after retries — skipping message. 
[2025-11-10 13:31:03] [INFO] 📩 devices/energy_readings → {"username":"neetha","deviceid":"EV00123","status":"high_current","energy":0}
 [info] [2025-11-10 13:31:03] [INFO] 📩 devices/energy_readings → @"username":"neetha","deviceid":"EV00123","status":"high_current","energy":0
 [warning] ⚠️ DB ping failed, reconnecting...
 [notice] 🔄 Forced new DB connection before query.
 [info] 📩 MQTT message received on devices/energy_readings
 [notice] 🔄 Forced new DB connection before query.
 [info] ⚡ Handling energy_readings for topic devices/energy_readings
 [info] 📊 Parsed payload → user=neetha, device=EV00123, energy=0, status=high_current
 [error]  💥 DB query failed on attempt 1: SQLSTATE[HY000]: General error: 2006 MySQL server has gone away: SELECT "base_table"."uid" AS "uid", "base_table"."uid" AS "base_table_uid"
FROM
"users" "base_table"
INNER JOIN "users_field_data" "users_field_data" ON "users_field_data"."uid" = "base_table"."uid"
WHERE "users_field_data"."name" LIKE :db_condition_placeholder_0 ESCAPE '\\'; Array
(
    [:db_condition_placeholder_0] => neetha
)
 
 [notice] 🔄 Forced new DB connection before query.
 [error]  💥 DB query failed on attempt 2: SQLSTATE[HY000]: General error: 2006 MySQL server has gone away: SELECT "base_table"."uid" AS "uid", "base_table"."uid" AS "base_table_uid"
FROM
"users" "base_table"
INNER JOIN "users_field_data" "users_field_data" ON "users_field_data"."uid" = "base_table"."uid"
WHERE "users_field_data"."name" LIKE :db_condition_placeholder_0 ESCAPE '\\'; Array
(
    [:db_condition_placeholder_0] => neetha
)
 
 [error]  ❌ Could not find or query user neetha after retries — skipping message. 
[2025-11-10 13:32:04] [INFO] 📩 devices/energy_readings → {"username":"neetha","deviceid":"EV00123","status":"high_current","energy":0}
 [info] [2025-11-10 13:32:04] [INFO] 📩 devices/energy_readings → @"username":"neetha","deviceid":"EV00123","status":"high_current","energy":0
 [warning] ⚠️ DB ping failed, reconnecting...
 [notice] 🔄 Forced new DB connection before query.
 [info] 📩 MQTT message received on devices/energy_readings
 [notice] 🔄 Forced new DB connection before query.
 [info] ⚡ Handling energy_readings for topic devices/energy_readings
 [info] 📊 Parsed payload → user=neetha, device=EV00123, energy=0, status=high_current
 [error]  💥 DB query failed on attempt 1: SQLSTATE[HY000]: General error: 2006 MySQL server has gone away: SELECT "base_table"."uid" AS "uid", "base_table"."uid" AS "base_table_uid"
FROM
"users" "base_table"
INNER JOIN "users_field_data" "users_field_data" ON "users_field_data"."uid" = "base_table"."uid"
WHERE "users_field_data"."name" LIKE :db_condition_placeholder_0 ESCAPE '\\'; Array
(
    [:db_condition_placeholder_0] => neetha
)
 
 [notice] 🔄 Forced new DB connection before query.
 [error]  💥 DB query failed on attempt 2: SQLSTATE[HY000]: General error: 2006 MySQL server has gone away: SELECT "base_table"."uid" AS "uid", "base_table"."uid" AS "base_table_uid"
FROM
"users" "base_table"
INNER JOIN "users_field_data" "users_field_data" ON "users_field_data"."uid" = "base_table"."uid"
WHERE "users_field_data"."name" LIKE :db_condition_placeholder_0 ESCAPE '\\'; Array
(
    [:db_condition_placeholder_0] => neetha
)
 
 [error]  ❌ Could not find or query user neetha after retries — skipping message. 
[2025-11-10 13:33:05] [INFO] 📩 devices/energy_readings → {"username":"neetha","deviceid":"EV00123","status":"high_current","energy":0}
 [info] [2025-11-10 13:33:05] [INFO] 📩 devices/energy_readings → @"username":"neetha","deviceid":"EV00123","status":"high_current","energy":0
 [warning] ⚠️ DB ping failed, reconnecting...
 [notice] 🔄 Forced new DB connection before query.
 [info] 📩 MQTT message received on devices/energy_readings
 [notice] 🔄 Forced new DB connection before query.
 [info] ⚡ Handling energy_readings for topic devices/energy_readings
 [info] 📊 Parsed payload → user=neetha, device=EV00123, energy=0, status=high_current
 [error]  💥 DB query failed on attempt 1: SQLSTATE[HY000]: General error: 2006 MySQL server has gone away: SELECT "base_table"."uid" AS "uid", "base_table"."uid" AS "base_table_uid"
FROM
"users" "base_table"
INNER JOIN "users_field_data" "users_field_data" ON "users_field_data"."uid" = "base_table"."uid"
WHERE "users_field_data"."name" LIKE :db_condition_placeholder_0 ESCAPE '\\'; Array
(
    [:db_condition_placeholder_0] => neetha
)
 
 [notice] 🔄 Forced new DB connection before query.
 [error]  💥 DB query failed on attempt 2: SQLSTATE[HY000]: General error: 2006 MySQL server has gone away: SELECT "base_table"."uid" AS "uid", "base_table"."uid" AS "base_table_uid"
FROM
"users" "base_table"
INNER JOIN "users_field_data" "users_field_data" ON "users_field_data"."uid" = "base_table"."uid"
WHERE "users_field_data"."name" LIKE :db_condition_placeholder_0 ESCAPE '\\'; Array
(
    [:db_condition_placeholder_0] => neetha
)
 
 [error]  ❌ Could not find or query user neetha after retries — skipping message. 
[2025-11-10 13:34:07] [INFO] 📩 devices/energy_readings → {"username":"neetha","deviceid":"EV00123","status":"high_current","energy":0}
 [info] [2025-11-10 13:34:07] [INFO] 📩 devices/energy_readings → @"username":"neetha","deviceid":"EV00123","status":"high_current","energy":0
 [warning] ⚠️ DB ping failed, reconnecting...
 [notice] 🔄 Forced new DB connection before query.
 [info] 📩 MQTT message received on devices/energy_readings
 [notice] 🔄 Forced new DB connection before query.
 [info] ⚡ Handling energy_readings for topic devices/energy_readings
 [info] 📊 Parsed payload → user=neetha, device=EV00123, energy=0, status=high_current
 [error]  💥 DB query failed on attempt 1: SQLSTATE[HY000]: General error: 2006 MySQL server has gone away: SELECT "base_table"."uid" AS "uid", "base_table"."uid" AS "base_table_uid"
FROM
"users" "base_table"
INNER JOIN "users_field_data" "users_field_data" ON "users_field_data"."uid" = "base_table"."uid"
WHERE "users_field_data"."name" LIKE :db_condition_placeholder_0 ESCAPE '\\'; Array
(
    [:db_condition_placeholder_0] => neetha
)
 
 [notice] 🔄 Forced new DB connection before query.
 [error]  💥 DB query failed on attempt 2: SQLSTATE[HY000]: General error: 2006 MySQL server has gone away: SELECT "base_table"."uid" AS "uid", "base_table"."uid" AS "base_table_uid"
FROM
"users" "base_table"
INNER JOIN "users_field_data" "users_field_data" ON "users_field_data"."uid" = "base_table"."uid"
WHERE "users_field_data"."name" LIKE :db_condition_placeholder_0 ESCAPE '\\'; Array
(
    [:db_condition_placeholder_0] => neetha
)
 
 [error]  ❌ Could not find or query user neetha after retries — skipping message. 
[2025-11-10 13:35:08] [INFO] 📩 devices/energy_readings → {"username":"neetha","deviceid":"EV00123","status":"high_current","energy":0}
 [info] [2025-11-10 13:35:08] [INFO] 📩 devices/energy_readings → @"username":"neetha","deviceid":"EV00123","status":"high_current","energy":0
 [warning] ⚠️ DB ping failed, reconnecting...
 [notice] 🔄 Forced new DB connection before query.
 [info] 📩 MQTT message received on devices/energy_readings
 [notice] 🔄 Forced new DB connection before query.
 [info] ⚡ Handling energy_readings for topic devices/energy_readings
 [info] 📊 Parsed payload → user=neetha, device=EV00123, energy=0, status=high_current
 [error]  💥 DB query failed on attempt 1: SQLSTATE[HY000]: General error: 2006 MySQL server has gone away: SELECT "base_table"."uid" AS "uid", "base_table"."uid" AS "base_table_uid"
FROM
"users" "base_table"
INNER JOIN "users_field_data" "users_field_data" ON "users_field_data"."uid" = "base_table"."uid"
WHERE "users_field_data"."name" LIKE :db_condition_placeholder_0 ESCAPE '\\'; Array
(
    [:db_condition_placeholder_0] => neetha
)
 
 [notice] 🔄 Forced new DB connection before query.
 [error]  💥 DB query failed on attempt 2: SQLSTATE[HY000]: General error: 2006 MySQL server has gone away: SELECT "base_table"."uid" AS "uid", "base_table"."uid" AS "base_table_uid"
FROM
"users" "base_table"
INNER JOIN "users_field_data" "users_field_data" ON "users_field_data"."uid" = "base_table"."uid"
WHERE "users_field_data"."name" LIKE :db_condition_placeholder_0 ESCAPE '\\'; Array
(
    [:db_condition_placeholder_0] => neetha
)
 
 [error]  ❌ Could not find or query user neetha after retries — skipping message. 
[2025-11-10 13:36:09] [INFO] 📩 devices/energy_readings → {"username":"neetha","deviceid":"EV00123","status":"high_current","energy":0}
 [info] [2025-11-10 13:36:09] [INFO] 📩 devices/energy_readings → @"username":"neetha","deviceid":"EV00123","status":"high_current","energy":0
 [warning] ⚠️ DB ping failed, reconnecting...
 [notice] 🔄 Forced new DB connection before query.
 [info] 📩 MQTT message received on devices/energy_readings
 [notice] 🔄 Forced new DB connection before query.
 [info] ⚡ Handling energy_readings for topic devices/energy_readings
 [info] 📊 Parsed payload → user=neetha, device=EV00123, energy=0, status=high_current
 [error]  💥 DB query failed on attempt 1: SQLSTATE[HY000]: General error: 2006 MySQL server has gone away: SELECT "base_table"."uid" AS "uid", "base_table"."uid" AS "base_table_uid"
FROM
"users" "base_table"
INNER JOIN "users_field_data" "users_field_data" ON "users_field_data"."uid" = "base_table"."uid"
WHERE "users_field_data"."name" LIKE :db_condition_placeholder_0 ESCAPE '\\'; Array
(
    [:db_condition_placeholder_0] => neetha
)
 
 [notice] 🔄 Forced new DB connection before query.
 [error]  💥 DB query failed on attempt 2: SQLSTATE[HY000]: General error: 2006 MySQL server has gone away: SELECT "base_table"."uid" AS "uid", "base_table"."uid" AS "base_table_uid"
FROM
"users" "base_table"
INNER JOIN "users_field_data" "users_field_data" ON "users_field_data"."uid" = "base_table"."uid"
WHERE "users_field_data"."name" LIKE :db_condition_placeholder_0 ESCAPE '\\'; Array
(
    [:db_condition_placeholder_0] => neetha
)
 
 [error]  ❌ Could not find or query user neetha after retries — skipping message. 
[2025-11-10 13:37:11] [INFO] 📩 devices/energy_readings → {"username":"neetha","deviceid":"EV00123","status":"high_current","energy":0}
 [info] [2025-11-10 13:37:11] [INFO] 📩 devices/energy_readings → @"username":"neetha","deviceid":"EV00123","status":"high_current","energy":0
 [warning] ⚠️ DB ping failed, reconnecting...
 [notice] 🔄 Forced new DB connection before query.
 [info] 📩 MQTT message received on devices/energy_readings
 [notice] 🔄 Forced new DB connection before query.
 [info] ⚡ Handling energy_readings for topic devices/energy_readings
 [info] 📊 Parsed payload → user=neetha, device=EV00123, energy=0, status=high_current
 [error]  💥 DB query failed on attempt 1: SQLSTATE[HY000]: General error: 2006 MySQL server has gone away: SELECT "base_table"."uid" AS "uid", "base_table"."uid" AS "base_table_uid"
FROM
"users" "base_table"
INNER JOIN "users_field_data" "users_field_data" ON "users_field_data"."uid" = "base_table"."uid"
WHERE "users_field_data"."name" LIKE :db_condition_placeholder_0 ESCAPE '\\'; Array
(
    [:db_condition_placeholder_0] => neetha
)
 
 [notice] 🔄 Forced new DB connection before query.
 [error]  💥 DB query failed on attempt 2: SQLSTATE[HY000]: General error: 2006 MySQL server has gone away: SELECT "base_table"."uid" AS "uid", "base_table"."uid" AS "base_table_uid"
FROM
"users" "base_table"
INNER JOIN "users_field_data" "users_field_data" ON "users_field_data"."uid" = "base_table"."uid"
WHERE "users_field_data"."name" LIKE :db_condition_placeholder_0 ESCAPE '\\'; Array
(
    [:db_condition_placeholder_0] => neetha
)
 
 [error]  ❌ Could not find or query user neetha after retries — skipping message. 
[2025-11-10 13:38:12] [INFO] 📩 devices/energy_readings → {"username":"neetha","deviceid":"EV00123","status":"high_current","energy":0}
 [info] [2025-11-10 13:38:12] [INFO] 📩 devices/energy_readings → @"username":"neetha","deviceid":"EV00123","status":"high_current","energy":0
 [warning] ⚠️ DB ping failed, reconnecting...
 [notice] 🔄 Forced new DB connection before query.
 [info] 📩 MQTT message received on devices/energy_readings
 [notice] 🔄 Forced new DB connection before query.
 [info] ⚡ Handling energy_readings for topic devices/energy_readings
 [info] 📊 Parsed payload → user=neetha, device=EV00123, energy=0, status=high_current
 [error]  💥 DB query failed on attempt 1: SQLSTATE[HY000]: General error: 2006 MySQL server has gone away: SELECT "base_table"."uid" AS "uid", "base_table"."uid" AS "base_table_uid"
FROM
"users" "base_table"
INNER JOIN "users_field_data" "users_field_data" ON "users_field_data"."uid" = "base_table"."uid"
WHERE "users_field_data"."name" LIKE :db_condition_placeholder_0 ESCAPE '\\'; Array
(
    [:db_condition_placeholder_0] => neetha
)
 
 [notice] 🔄 Forced new DB connection before query.
 [error]  💥 DB query failed on attempt 2: SQLSTATE[HY000]: General error: 2006 MySQL server has gone away: SELECT "base_table"."uid" AS "uid", "base_table"."uid" AS "base_table_uid"
FROM
"users" "base_table"
INNER JOIN "users_field_data" "users_field_data" ON "users_field_data"."uid" = "base_table"."uid"
WHERE "users_field_data"."name" LIKE :db_condition_placeholder_0 ESCAPE '\\'; Array
(
    [:db_condition_placeholder_0] => neetha
)
 
 [error]  ❌ Could not find or query user neetha after retries — skipping message. 
[2025-11-10 13:39:13] [INFO] 📩 devices/energy_readings → {"username":"neetha","deviceid":"EV00123","status":"high_current","energy":0}
 [info] [2025-11-10 13:39:13] [INFO] 📩 devices/energy_readings → @"username":"neetha","deviceid":"EV00123","status":"high_current","energy":0
 [warning] ⚠️ DB ping failed, reconnecting...
 [notice] 🔄 Forced new DB connection before query.
 [info] 📩 MQTT message received on devices/energy_readings
 [notice] 🔄 Forced new DB connection before query.
 [info] ⚡ Handling energy_readings for topic devices/energy_readings
 [info] 📊 Parsed payload → user=neetha, device=EV00123, energy=0, status=high_current
 [error]  💥 DB query failed on attempt 1: SQLSTATE[HY000]: General error: 2006 MySQL server has gone away: SELECT "base_table"."uid" AS "uid", "base_table"."uid" AS "base_table_uid"
FROM
"users" "base_table"
INNER JOIN "users_field_data" "users_field_data" ON "users_field_data"."uid" = "base_table"."uid"
WHERE "users_field_data"."name" LIKE :db_condition_placeholder_0 ESCAPE '\\'; Array
(
    [:db_condition_placeholder_0] => neetha
)
 
 [notice] 🔄 Forced new DB connection before query.
 [error]  💥 DB query failed on attempt 2: SQLSTATE[HY000]: General error: 2006 MySQL server has gone away: SELECT "base_table"."uid" AS "uid", "base_table"."uid" AS "base_table_uid"
FROM
"users" "base_table"
INNER JOIN "users_field_data" "users_field_data" ON "users_field_data"."uid" = "base_table"."uid"
WHERE "users_field_data"."name" LIKE :db_condition_placeholder_0 ESCAPE '\\'; Array
(
    [:db_condition_placeholder_0] => neetha
)
 
 [error]  ❌ Could not find or query user neetha after retries — skipping message. 
[2025-11-10 13:40:15] [INFO] 📩 devices/energy_readings → {"username":"neetha","deviceid":"EV00123","status":"high_current","energy":0}
 [info] [2025-11-10 13:40:15] [INFO] 📩 devices/energy_readings → @"username":"neetha","deviceid":"EV00123","status":"high_current","energy":0
 [warning] ⚠️ DB ping failed, reconnecting...
 [notice] 🔄 Forced new DB connection before query.
 [info] 📩 MQTT message received on devices/energy_readings
 [notice] 🔄 Forced new DB connection before query.
 [info] ⚡ Handling energy_readings for topic devices/energy_readings
 [info] 📊 Parsed payload → user=neetha, device=EV00123, energy=0, status=high_current
 [error]  💥 DB query failed on attempt 1: SQLSTATE[HY000]: General error: 2006 MySQL server has gone away: SELECT "base_table"."uid" AS "uid", "base_table"."uid" AS "base_table_uid"
FROM
"users" "base_table"
INNER JOIN "users_field_data" "users_field_data" ON "users_field_data"."uid" = "base_table"."uid"
WHERE "users_field_data"."name" LIKE :db_condition_placeholder_0 ESCAPE '\\'; Array
(
    [:db_condition_placeholder_0] => neetha
)
 
 [notice] 🔄 Forced new DB connection before query.
 [error]  💥 DB query failed on attempt 2: SQLSTATE[HY000]: General error: 2006 MySQL server has gone away: SELECT "base_table"."uid" AS "uid", "base_table"."uid" AS "base_table_uid"
FROM
"users" "base_table"
INNER JOIN "users_field_data" "users_field_data" ON "users_field_data"."uid" = "base_table"."uid"
WHERE "users_field_data"."name" LIKE :db_condition_placeholder_0 ESCAPE '\\'; Array
(
    [:db_condition_placeholder_0] => neetha
)
 
 [error]  ❌ Could not find or query user neetha after retries — skipping message. 
[2025-11-10 13:41:16] [INFO] 📩 devices/energy_readings → {"username":"neetha","deviceid":"EV00123","status":"high_current","energy":0}
 [info] [2025-11-10 13:41:16] [INFO] 📩 devices/energy_readings → @"username":"neetha","deviceid":"EV00123","status":"high_current","energy":0
 [warning] ⚠️ DB ping failed, reconnecting...
 [notice] 🔄 Forced new DB connection before query.
 [info] 📩 MQTT message received on devices/energy_readings
 [notice] 🔄 Forced new DB connection before query.
 [info] ⚡ Handling energy_readings for topic devices/energy_readings
 [info] 📊 Parsed payload → user=neetha, device=EV00123, energy=0, status=high_current
 [error]  💥 DB query failed on attempt 1: SQLSTATE[HY000]: General error: 2006 MySQL server has gone away: SELECT "base_table"."uid" AS "uid", "base_table"."uid" AS "base_table_uid"
FROM
"users" "base_table"
INNER JOIN "users_field_data" "users_field_data" ON "users_field_data"."uid" = "base_table"."uid"
WHERE "users_field_data"."name" LIKE :db_condition_placeholder_0 ESCAPE '\\'; Array
(
    [:db_condition_placeholder_0] => neetha
)
 
 [notice] 🔄 Forced new DB connection before query.
 [error]  💥 DB query failed on attempt 2: SQLSTATE[HY000]: General error: 2006 MySQL server has gone away: SELECT "base_table"."uid" AS "uid", "base_table"."uid" AS "base_table_uid"
FROM
"users" "base_table"
INNER JOIN "users_field_data" "users_field_data" ON "users_field_data"."uid" = "base_table"."uid"
WHERE "users_field_data"."name" LIKE :db_condition_placeholder_0 ESCAPE '\\'; Array
(
    [:db_condition_placeholder_0] => neetha
)
 
 [error]  ❌ Could not find or query user neetha after retries — skipping message. 
[2025-11-10 13:42:17] [INFO] 📩 devices/energy_readings → {"username":"neetha","deviceid":"EV00123","status":"high_current","energy":0}
 [info] [2025-11-10 13:42:17] [INFO] 📩 devices/energy_readings → @"username":"neetha","deviceid":"EV00123","status":"high_current","energy":0
 [warning] ⚠️ DB ping failed, reconnecting...
 [notice] 🔄 Forced new DB connection before query.
 [info] 📩 MQTT message received on devices/energy_readings
 [notice] 🔄 Forced new DB connection before query.
 [info] ⚡ Handling energy_readings for topic devices/energy_readings
 [info] 📊 Parsed payload → user=neetha, device=EV00123, energy=0, status=high_current
 [error]  💥 DB query failed on attempt 1: SQLSTATE[HY000]: General error: 2006 MySQL server has gone away: SELECT "base_table"."uid" AS "uid", "base_table"."uid" AS "base_table_uid"
FROM
"users" "base_table"
INNER JOIN "users_field_data" "users_field_data" ON "users_field_data"."uid" = "base_table"."uid"
WHERE "users_field_data"."name" LIKE :db_condition_placeholder_0 ESCAPE '\\'; Array
(
    [:db_condition_placeholder_0] => neetha
)
 
 [notice] 🔄 Forced new DB connection before query.
 [error]  💥 DB query failed on attempt 2: SQLSTATE[HY000]: General error: 2006 MySQL server has gone away: SELECT "base_table"."uid" AS "uid", "base_table"."uid" AS "base_table_uid"
FROM
"users" "base_table"
INNER JOIN "users_field_data" "users_field_data" ON "users_field_data"."uid" = "base_table"."uid"
WHERE "users_field_data"."name" LIKE :db_condition_placeholder_0 ESCAPE '\\'; Array
(
    [:db_condition_placeholder_0] => neetha
)
 
 [error]  ❌ Could not find or query user neetha after retries — skipping message. 
[2025-11-10 13:43:19] [INFO] 📩 devices/energy_readings → {"username":"neetha","deviceid":"EV00123","status":"high_current","energy":0}
 [info] [2025-11-10 13:43:19] [INFO] 📩 devices/energy_readings → @"username":"neetha","deviceid":"EV00123","status":"high_current","energy":0
 [warning] ⚠️ DB ping failed, reconnecting...
 [notice] 🔄 Forced new DB connection before query.
 [info] 📩 MQTT message received on devices/energy_readings
 [notice] 🔄 Forced new DB connection before query.
 [info] ⚡ Handling energy_readings for topic devices/energy_readings
 [info] 📊 Parsed payload → user=neetha, device=EV00123, energy=0, status=high_current
 [error]  💥 DB query failed on attempt 1: SQLSTATE[HY000]: General error: 2006 MySQL server has gone away: SELECT "base_table"."uid" AS "uid", "base_table"."uid" AS "base_table_uid"
FROM
"users" "base_table"
INNER JOIN "users_field_data" "users_field_data" ON "users_field_data"."uid" = "base_table"."uid"
WHERE "users_field_data"."name" LIKE :db_condition_placeholder_0 ESCAPE '\\'; Array
(
    [:db_condition_placeholder_0] => neetha
)
 
 [notice] 🔄 Forced new DB connection before query.
 [error]  💥 DB query failed on attempt 2: SQLSTATE[HY000]: General error: 2006 MySQL server has gone away: SELECT "base_table"."uid" AS "uid", "base_table"."uid" AS "base_table_uid"
FROM
"users" "base_table"
INNER JOIN "users_field_data" "users_field_data" ON "users_field_data"."uid" = "base_table"."uid"
WHERE "users_field_data"."name" LIKE :db_condition_placeholder_0 ESCAPE '\\'; Array
(
    [:db_condition_placeholder_0] => neetha
)
 
 [error]  ❌ Could not find or query user neetha after retries — skipping message. 
[2025-11-10 13:44:20] [INFO] 📩 devices/energy_readings → {"username":"neetha","deviceid":"EV00123","status":"high_current","energy":0}
 [info] [2025-11-10 13:44:20] [INFO] 📩 devices/energy_readings → @"username":"neetha","deviceid":"EV00123","status":"high_current","energy":0
 [warning] ⚠️ DB ping failed, reconnecting...
 [notice] 🔄 Forced new DB connection before query.
 [info] 📩 MQTT message received on devices/energy_readings
 [notice] 🔄 Forced new DB connection before query.
 [info] ⚡ Handling energy_readings for topic devices/energy_readings
 [info] 📊 Parsed payload → user=neetha, device=EV00123, energy=0, status=high_current
 [error]  💥 DB query failed on attempt 1: SQLSTATE[HY000]: General error: 2006 MySQL server has gone away: SELECT "base_table"."uid" AS "uid", "base_table"."uid" AS "base_table_uid"
FROM
"users" "base_table"
INNER JOIN "users_field_data" "users_field_data" ON "users_field_data"."uid" = "base_table"."uid"
WHERE "users_field_data"."name" LIKE :db_condition_placeholder_0 ESCAPE '\\'; Array
(
    [:db_condition_placeholder_0] => neetha
)
 
 [notice] 🔄 Forced new DB connection before query.
 [error]  💥 DB query failed on attempt 2: SQLSTATE[HY000]: General error: 2006 MySQL server has gone away: SELECT "base_table"."uid" AS "uid", "base_table"."uid" AS "base_table_uid"
FROM
"users" "base_table"
INNER JOIN "users_field_data" "users_field_data" ON "users_field_data"."uid" = "base_table"."uid"
WHERE "users_field_data"."name" LIKE :db_condition_placeholder_0 ESCAPE '\\'; Array
(
    [:db_condition_placeholder_0] => neetha
)
 
 [error]  ❌ Could not find or query user neetha after retries — skipping message. 
[2025-11-10 13:45:21] [INFO] 📩 devices/energy_readings → {"username":"neetha","deviceid":"EV00123","status":"high_current","energy":0}
 [info] [2025-11-10 13:45:21] [INFO] 📩 devices/energy_readings → @"username":"neetha","deviceid":"EV00123","status":"high_current","energy":0
 [warning] ⚠️ DB ping failed, reconnecting...
 [notice] 🔄 Forced new DB connection before query.
 [info] 📩 MQTT message received on devices/energy_readings
 [notice] 🔄 Forced new DB connection before query.
 [info] ⚡ Handling energy_readings for topic devices/energy_readings
 [info] 📊 Parsed payload → user=neetha, device=EV00123, energy=0, status=high_current
 [error]  💥 DB query failed on attempt 1: SQLSTATE[HY000]: General error: 2006 MySQL server has gone away: SELECT "base_table"."uid" AS "uid", "base_table"."uid" AS "base_table_uid"
FROM
"users" "base_table"
INNER JOIN "users_field_data" "users_field_data" ON "users_field_data"."uid" = "base_table"."uid"
WHERE "users_field_data"."name" LIKE :db_condition_placeholder_0 ESCAPE '\\'; Array
(
    [:db_condition_placeholder_0] => neetha
)
 
 [notice] 🔄 Forced new DB connection before query.
 [error]  💥 DB query failed on attempt 2: SQLSTATE[HY000]: General error: 2006 MySQL server has gone away: SELECT "base_table"."uid" AS "uid", "base_table"."uid" AS "base_table_uid"
FROM
"users" "base_table"
INNER JOIN "users_field_data" "users_field_data" ON "users_field_data"."uid" = "base_table"."uid"
WHERE "users_field_data"."name" LIKE :db_condition_placeholder_0 ESCAPE '\\'; Array
(
    [:db_condition_placeholder_0] => neetha
)
 
 [error]  ❌ Could not find or query user neetha after retries — skipping message. 
[2025-11-10 13:46:23] [INFO] 📩 devices/energy_readings → {"username":"neetha","deviceid":"EV00123","status":"high_current","energy":0}
 [info] [2025-11-10 13:46:23] [INFO] 📩 devices/energy_readings → @"username":"neetha","deviceid":"EV00123","status":"high_current","energy":0
 [warning] ⚠️ DB ping failed, reconnecting...
 [notice] 🔄 Forced new DB connection before query.
 [info] 📩 MQTT message received on devices/energy_readings
 [notice] 🔄 Forced new DB connection before query.
 [info] ⚡ Handling energy_readings for topic devices/energy_readings
 [info] 📊 Parsed payload → user=neetha, device=EV00123, energy=0, status=high_current
 [error]  💥 DB query failed on attempt 1: SQLSTATE[HY000]: General error: 2006 MySQL server has gone away: SELECT "base_table"."uid" AS "uid", "base_table"."uid" AS "base_table_uid"
FROM
"users" "base_table"
INNER JOIN "users_field_data" "users_field_data" ON "users_field_data"."uid" = "base_table"."uid"
WHERE "users_field_data"."name" LIKE :db_condition_placeholder_0 ESCAPE '\\'; Array
(
    [:db_condition_placeholder_0] => neetha
)
 
 [notice] 🔄 Forced new DB connection before query.
 [error]  💥 DB query failed on attempt 2: SQLSTATE[HY000]: General error: 2006 MySQL server has gone away: SELECT "base_table"."uid" AS "uid", "base_table"."uid" AS "base_table_uid"
FROM
"users" "base_table"
INNER JOIN "users_field_data" "users_field_data" ON "users_field_data"."uid" = "base_table"."uid"
WHERE "users_field_data"."name" LIKE :db_condition_placeholder_0 ESCAPE '\\'; Array
(
    [:db_condition_placeholder_0] => neetha
)
 
 [error]  ❌ Could not find or query user neetha after retries — skipping message. 
[2025-11-10 13:47:24] [INFO] 📩 devices/energy_readings → {"username":"neetha","deviceid":"EV00123","status":"high_current","energy":0}
 [info] [2025-11-10 13:47:24] [INFO] 📩 devices/energy_readings → @"username":"neetha","deviceid":"EV00123","status":"high_current","energy":0
 [warning] ⚠️ DB ping failed, reconnecting...
 [notice] 🔄 Forced new DB connection before query.
 [info] 📩 MQTT message received on devices/energy_readings
 [notice] 🔄 Forced new DB connection before query.
 [info] ⚡ Handling energy_readings for topic devices/energy_readings
 [info] 📊 Parsed payload → user=neetha, device=EV00123, energy=0, status=high_current
 [error]  💥 DB query failed on attempt 1: SQLSTATE[HY000]: General error: 2006 MySQL server has gone away: SELECT "base_table"."uid" AS "uid", "base_table"."uid" AS "base_table_uid"
FROM
"users" "base_table"
INNER JOIN "users_field_data" "users_field_data" ON "users_field_data"."uid" = "base_table"."uid"
WHERE "users_field_data"."name" LIKE :db_condition_placeholder_0 ESCAPE '\\'; Array
(
    [:db_condition_placeholder_0] => neetha
)
 
 [notice] 🔄 Forced new DB connection before query.
 [error]  💥 DB query failed on attempt 2: SQLSTATE[HY000]: General error: 2006 MySQL server has gone away: SELECT "base_table"."uid" AS "uid", "base_table"."uid" AS "base_table_uid"
FROM
"users" "base_table"
INNER JOIN "users_field_data" "users_field_data" ON "users_field_data"."uid" = "base_table"."uid"
WHERE "users_field_data"."name" LIKE :db_condition_placeholder_0 ESCAPE '\\'; Array
(
    [:db_condition_placeholder_0] => neetha
)
 
 [error]  ❌ Could not find or query user neetha after retries — skipping message. 
[2025-11-10 13:48:25] [INFO] 📩 devices/energy_readings → {"username":"neetha","deviceid":"EV00123","status":"high_current","energy":0}
 [info] [2025-11-10 13:48:25] [INFO] 📩 devices/energy_readings → @"username":"neetha","deviceid":"EV00123","status":"high_current","energy":0
 [warning] ⚠️ DB ping failed, reconnecting...
 [notice] 🔄 Forced new DB connection before query.
 [info] 📩 MQTT message received on devices/energy_readings
 [notice] 🔄 Forced new DB connection before query.
 [info] ⚡ Handling energy_readings for topic devices/energy_readings
 [info] 📊 Parsed payload → user=neetha, device=EV00123, energy=0, status=high_current
 [error]  💥 DB query failed on attempt 1: SQLSTATE[HY000]: General error: 2006 MySQL server has gone away: SELECT "base_table"."uid" AS "uid", "base_table"."uid" AS "base_table_uid"
FROM
"users" "base_table"
INNER JOIN "users_field_data" "users_field_data" ON "users_field_data"."uid" = "base_table"."uid"
WHERE "users_field_data"."name" LIKE :db_condition_placeholder_0 ESCAPE '\\'; Array
(
    [:db_condition_placeholder_0] => neetha
)
 
 [notice] 🔄 Forced new DB connection before query.
 [error]  💥 DB query failed on attempt 2: SQLSTATE[HY000]: General error: 2006 MySQL server has gone away: SELECT "base_table"."uid" AS "uid", "base_table"."uid" AS "base_table_uid"
FROM
"users" "base_table"
INNER JOIN "users_field_data" "users_field_data" ON "users_field_data"."uid" = "base_table"."uid"
WHERE "users_field_data"."name" LIKE :db_condition_placeholder_0 ESCAPE '\\'; Array
(
    [:db_condition_placeholder_0] => neetha
)
 
 [error]  ❌ Could not find or query user neetha after retries — skipping message. 
[2025-11-10 13:49:27] [INFO] 📩 devices/energy_readings → {"username":"neetha","deviceid":"EV00123","status":"high_current","energy":0}
 [info] [2025-11-10 13:49:27] [INFO] 📩 devices/energy_readings → @"username":"neetha","deviceid":"EV00123","status":"high_current","energy":0
 [warning] ⚠️ DB ping failed, reconnecting...
 [notice] 🔄 Forced new DB connection before query.
 [info] 📩 MQTT message received on devices/energy_readings
 [notice] 🔄 Forced new DB connection before query.
 [info] ⚡ Handling energy_readings for topic devices/energy_readings
 [info] 📊 Parsed payload → user=neetha, device=EV00123, energy=0, status=high_current
 [error]  💥 DB query failed on attempt 1: SQLSTATE[HY000]: General error: 2006 MySQL server has gone away: SELECT "base_table"."uid" AS "uid", "base_table"."uid" AS "base_table_uid"
FROM
"users" "base_table"
INNER JOIN "users_field_data" "users_field_data" ON "users_field_data"."uid" = "base_table"."uid"
WHERE "users_field_data"."name" LIKE :db_condition_placeholder_0 ESCAPE '\\'; Array
(
    [:db_condition_placeholder_0] => neetha
)
 
 [notice] 🔄 Forced new DB connection before query.
 [error]  💥 DB query failed on attempt 2: SQLSTATE[HY000]: General error: 2006 MySQL server has gone away: SELECT "base_table"."uid" AS "uid", "base_table"."uid" AS "base_table_uid"
FROM
"users" "base_table"
INNER JOIN "users_field_data" "users_field_data" ON "users_field_data"."uid" = "base_table"."uid"
WHERE "users_field_data"."name" LIKE :db_condition_placeholder_0 ESCAPE '\\'; Array
(
    [:db_condition_placeholder_0] => neetha
)
 
 [error]  ❌ Could not find or query user neetha after retries — skipping message. 
[2025-11-10 13:50:28] [INFO] 📩 devices/energy_readings → {"username":"neetha","deviceid":"EV00123","status":"high_current","energy":0}
 [info] [2025-11-10 13:50:28] [INFO] 📩 devices/energy_readings → @"username":"neetha","deviceid":"EV00123","status":"high_current","energy":0
 [warning] ⚠️ DB ping failed, reconnecting...
 [notice] 🔄 Forced new DB connection before query.
 [info] 📩 MQTT message received on devices/energy_readings
 [notice] 🔄 Forced new DB connection before query.
 [info] ⚡ Handling energy_readings for topic devices/energy_readings
 [info] 📊 Parsed payload → user=neetha, device=EV00123, energy=0, status=high_current
 [error]  💥 DB query failed on attempt 1: SQLSTATE[HY000]: General error: 2006 MySQL server has gone away: SELECT "base_table"."uid" AS "uid", "base_table"."uid" AS "base_table_uid"
FROM
"users" "base_table"
INNER JOIN "users_field_data" "users_field_data" ON "users_field_data"."uid" = "base_table"."uid"
WHERE "users_field_data"."name" LIKE :db_condition_placeholder_0 ESCAPE '\\'; Array
(
    [:db_condition_placeholder_0] => neetha
)
 
 [notice] 🔄 Forced new DB connection before query.
 [error]  💥 DB query failed on attempt 2: SQLSTATE[HY000]: General error: 2006 MySQL server has gone away: SELECT "base_table"."uid" AS "uid", "base_table"."uid" AS "base_table_uid"
FROM
"users" "base_table"
INNER JOIN "users_field_data" "users_field_data" ON "users_field_data"."uid" = "base_table"."uid"
WHERE "users_field_data"."name" LIKE :db_condition_placeholder_0 ESCAPE '\\'; Array
(
    [:db_condition_placeholder_0] => neetha
)
 
 [error]  ❌ Could not find or query user neetha after retries — skipping message. 
[2025-11-10 13:51:29] [INFO] 📩 devices/energy_readings → {"username":"neetha","deviceid":"EV00123","status":"high_current","energy":0}
 [info] [2025-11-10 13:51:29] [INFO] 📩 devices/energy_readings → @"username":"neetha","deviceid":"EV00123","status":"high_current","energy":0
 [warning] ⚠️ DB ping failed, reconnecting...
 [notice] 🔄 Forced new DB connection before query.
 [info] 📩 MQTT message received on devices/energy_readings
 [notice] 🔄 Forced new DB connection before query.
 [info] ⚡ Handling energy_readings for topic devices/energy_readings
 [info] 📊 Parsed payload → user=neetha, device=EV00123, energy=0, status=high_current
 [error]  💥 DB query failed on attempt 1: SQLSTATE[HY000]: General error: 2006 MySQL server has gone away: SELECT "base_table"."uid" AS "uid", "base_table"."uid" AS "base_table_uid"
FROM
"users" "base_table"
INNER JOIN "users_field_data" "users_field_data" ON "users_field_data"."uid" = "base_table"."uid"
WHERE "users_field_data"."name" LIKE :db_condition_placeholder_0 ESCAPE '\\'; Array
(
    [:db_condition_placeholder_0] => neetha
)
 
 [notice] 🔄 Forced new DB connection before query.
 [error]  💥 DB query failed on attempt 2: SQLSTATE[HY000]: General error: 2006 MySQL server has gone away: SELECT "base_table"."uid" AS "uid", "base_table"."uid" AS "base_table_uid"
FROM
"users" "base_table"
INNER JOIN "users_field_data" "users_field_data" ON "users_field_data"."uid" = "base_table"."uid"
WHERE "users_field_data"."name" LIKE :db_condition_placeholder_0 ESCAPE '\\'; Array
(
    [:db_condition_placeholder_0] => neetha
)
 
 [error]  ❌ Could not find or query user neetha after retries — skipping message. 
[2025-11-10 13:52:30] [INFO] 📩 devices/energy_readings → {"username":"neetha","deviceid":"EV00123","status":"high_current","energy":0}
 [info] [2025-11-10 13:52:30] [INFO] 📩 devices/energy_readings → @"username":"neetha","deviceid":"EV00123","status":"high_current","energy":0
 [warning] ⚠️ DB ping failed, reconnecting...
 [notice] 🔄 Forced new DB connection before query.
 [info] 📩 MQTT message received on devices/energy_readings
 [notice] 🔄 Forced new DB connection before query.
 [info] ⚡ Handling energy_readings for topic devices/energy_readings
 [info] 📊 Parsed payload → user=neetha, device=EV00123, energy=0, status=high_current
 [error]  💥 DB query failed on attempt 1: SQLSTATE[HY000]: General error: 2006 MySQL server has gone away: SELECT "base_table"."uid" AS "uid", "base_table"."uid" AS "base_table_uid"
FROM
"users" "base_table"
INNER JOIN "users_field_data" "users_field_data" ON "users_field_data"."uid" = "base_table"."uid"
WHERE "users_field_data"."name" LIKE :db_condition_placeholder_0 ESCAPE '\\'; Array
(
    [:db_condition_placeholder_0] => neetha
)
 
 [notice] 🔄 Forced new DB connection before query.
 [error]  💥 DB query failed on attempt 2: SQLSTATE[HY000]: General error: 2006 MySQL server has gone away: SELECT "base_table"."uid" AS "uid", "base_table"."uid" AS "base_table_uid"
FROM
"users" "base_table"
INNER JOIN "users_field_data" "users_field_data" ON "users_field_data"."uid" = "base_table"."uid"
WHERE "users_field_data"."name" LIKE :db_condition_placeholder_0 ESCAPE '\\'; Array
(
    [:db_condition_placeholder_0] => neetha
)
 
 [error]  ❌ Could not find or query user neetha after retries — skipping message. 
[2025-11-10 13:53:32] [INFO] 📩 devices/energy_readings → {"username":"neetha","deviceid":"EV00123","status":"high_current","energy":0}
 [info] [2025-11-10 13:53:32] [INFO] 📩 devices/energy_readings → @"username":"neetha","deviceid":"EV00123","status":"high_current","energy":0
 [warning] ⚠️ DB ping failed, reconnecting...
 [notice] 🔄 Forced new DB connection before query.
 [info] 📩 MQTT message received on devices/energy_readings
 [notice] 🔄 Forced new DB connection before query.
 [info] ⚡ Handling energy_readings for topic devices/energy_readings
 [info] 📊 Parsed payload → user=neetha, device=EV00123, energy=0, status=high_current
 [error]  💥 DB query failed on attempt 1: SQLSTATE[HY000]: General error: 2006 MySQL server has gone away: SELECT "base_table"."uid" AS "uid", "base_table"."uid" AS "base_table_uid"
FROM
"users" "base_table"
INNER JOIN "users_field_data" "users_field_data" ON "users_field_data"."uid" = "base_table"."uid"
WHERE "users_field_data"."name" LIKE :db_condition_placeholder_0 ESCAPE '\\'; Array
(
    [:db_condition_placeholder_0] => neetha
)
 
 [notice] 🔄 Forced new DB connection before query.
 [error]  💥 DB query failed on attempt 2: SQLSTATE[HY000]: General error: 2006 MySQL server has gone away: SELECT "base_table"."uid" AS "uid", "base_table"."uid" AS "base_table_uid"
FROM
"users" "base_table"
INNER JOIN "users_field_data" "users_field_data" ON "users_field_data"."uid" = "base_table"."uid"
WHERE "users_field_data"."name" LIKE :db_condition_placeholder_0 ESCAPE '\\'; Array
(
    [:db_condition_placeholder_0] => neetha
)
 
 [error]  ❌ Could not find or query user neetha after retries — skipping message. 
[2025-11-10 13:54:33] [INFO] 📩 devices/energy_readings → {"username":"neetha","deviceid":"EV00123","status":"high_current","energy":0}
 [info] [2025-11-10 13:54:33] [INFO] 📩 devices/energy_readings → @"username":"neetha","deviceid":"EV00123","status":"high_current","energy":0
 [warning] ⚠️ DB ping failed, reconnecting...
 [notice] 🔄 Forced new DB connection before query.
 [info] 📩 MQTT message received on devices/energy_readings
 [notice] 🔄 Forced new DB connection before query.
 [info] ⚡ Handling energy_readings for topic devices/energy_readings
 [info] 📊 Parsed payload → user=neetha, device=EV00123, energy=0, status=high_current
 [error]  💥 DB query failed on attempt 1: SQLSTATE[HY000]: General error: 2006 MySQL server has gone away: SELECT "base_table"."uid" AS "uid", "base_table"."uid" AS "base_table_uid"
FROM
"users" "base_table"
INNER JOIN "users_field_data" "users_field_data" ON "users_field_data"."uid" = "base_table"."uid"
WHERE "users_field_data"."name" LIKE :db_condition_placeholder_0 ESCAPE '\\'; Array
(
    [:db_condition_placeholder_0] => neetha
)
 
 [notice] 🔄 Forced new DB connection before query.
 [error]  💥 DB query failed on attempt 2: SQLSTATE[HY000]: General error: 2006 MySQL server has gone away: SELECT "base_table"."uid" AS "uid", "base_table"."uid" AS "base_table_uid"
FROM
"users" "base_table"
INNER JOIN "users_field_data" "users_field_data" ON "users_field_data"."uid" = "base_table"."uid"
WHERE "users_field_data"."name" LIKE :db_condition_placeholder_0 ESCAPE '\\'; Array
(
    [:db_condition_placeholder_0] => neetha
)
 
 [error]  ❌ Could not find or query user neetha after retries — skipping message. 
[2025-11-10 13:55:34] [INFO] 📩 devices/energy_readings → {"username":"neetha","deviceid":"EV00123","status":"high_current","energy":0}
 [info] [2025-11-10 13:55:34] [INFO] 📩 devices/energy_readings → @"username":"neetha","deviceid":"EV00123","status":"high_current","energy":0
 [warning] ⚠️ DB ping failed, reconnecting...
 [notice] 🔄 Forced new DB connection before query.
 [info] 📩 MQTT message received on devices/energy_readings
 [notice] 🔄 Forced new DB connection before query.
 [info] ⚡ Handling energy_readings for topic devices/energy_readings
 [info] 📊 Parsed payload → user=neetha, device=EV00123, energy=0, status=high_current
 [error]  💥 DB query failed on attempt 1: SQLSTATE[HY000]: General error: 2006 MySQL server has gone away: SELECT "base_table"."uid" AS "uid", "base_table"."uid" AS "base_table_uid"
FROM
"users" "base_table"
INNER JOIN "users_field_data" "users_field_data" ON "users_field_data"."uid" = "base_table"."uid"
WHERE "users_field_data"."name" LIKE :db_condition_placeholder_0 ESCAPE '\\'; Array
(
    [:db_condition_placeholder_0] => neetha
)
 
 [notice] 🔄 Forced new DB connection before query.
 [error]  💥 DB query failed on attempt 2: SQLSTATE[HY000]: General error: 2006 MySQL server has gone away: SELECT "base_table"."uid" AS "uid", "base_table"."uid" AS "base_table_uid"
FROM
"users" "base_table"
INNER JOIN "users_field_data" "users_field_data" ON "users_field_data"."uid" = "base_table"."uid"
WHERE "users_field_data"."name" LIKE :db_condition_placeholder_0 ESCAPE '\\'; Array
(
    [:db_condition_placeholder_0] => neetha
)
 
 [error]  ❌ Could not find or query user neetha after retries — skipping message. 
[2025-11-10 13:56:36] [INFO] 📩 devices/energy_readings → {"username":"neetha","deviceid":"EV00123","status":"high_current","energy":0}
 [info] [2025-11-10 13:56:36] [INFO] 📩 devices/energy_readings → @"username":"neetha","deviceid":"EV00123","status":"high_current","energy":0
 [warning] ⚠️ DB ping failed, reconnecting...
 [notice] 🔄 Forced new DB connection before query.
 [info] 📩 MQTT message received on devices/energy_readings
 [notice] 🔄 Forced new DB connection before query.
 [info] ⚡ Handling energy_readings for topic devices/energy_readings
 [info] 📊 Parsed payload → user=neetha, device=EV00123, energy=0, status=high_current
 [error]  💥 DB query failed on attempt 1: SQLSTATE[HY000]: General error: 2006 MySQL server has gone away: SELECT "base_table"."uid" AS "uid", "base_table"."uid" AS "base_table_uid"
FROM
"users" "base_table"
INNER JOIN "users_field_data" "users_field_data" ON "users_field_data"."uid" = "base_table"."uid"
WHERE "users_field_data"."name" LIKE :db_condition_placeholder_0 ESCAPE '\\'; Array
(
    [:db_condition_placeholder_0] => neetha
)
 
 [notice] 🔄 Forced new DB connection before query.
 [error]  💥 DB query failed on attempt 2: SQLSTATE[HY000]: General error: 2006 MySQL server has gone away: SELECT "base_table"."uid" AS "uid", "base_table"."uid" AS "base_table_uid"
FROM
"users" "base_table"
INNER JOIN "users_field_data" "users_field_data" ON "users_field_data"."uid" = "base_table"."uid"
WHERE "users_field_data"."name" LIKE :db_condition_placeholder_0 ESCAPE '\\'; Array
(
    [:db_condition_placeholder_0] => neetha
)
 
 [error]  ❌ Could not find or query user neetha after retries — skipping message. 
[2025-11-10 13:57:37] [INFO] 📩 devices/energy_readings → {"username":"neetha","deviceid":"EV00123","status":"high_current","energy":0}
 [info] [2025-11-10 13:57:37] [INFO] 📩 devices/energy_readings → @"username":"neetha","deviceid":"EV00123","status":"high_current","energy":0
 [warning] ⚠️ DB ping failed, reconnecting...
 [notice] 🔄 Forced new DB connection before query.
 [info] 📩 MQTT message received on devices/energy_readings
 [notice] 🔄 Forced new DB connection before query.
 [info] ⚡ Handling energy_readings for topic devices/energy_readings
 [info] 📊 Parsed payload → user=neetha, device=EV00123, energy=0, status=high_current
 [error]  💥 DB query failed on attempt 1: SQLSTATE[HY000]: General error: 2006 MySQL server has gone away: SELECT "base_table"."uid" AS "uid", "base_table"."uid" AS "base_table_uid"
FROM
"users" "base_table"
INNER JOIN "users_field_data" "users_field_data" ON "users_field_data"."uid" = "base_table"."uid"
WHERE "users_field_data"."name" LIKE :db_condition_placeholder_0 ESCAPE '\\'; Array
(
    [:db_condition_placeholder_0] => neetha
)
 
 [notice] 🔄 Forced new DB connection before query.
 [error]  💥 DB query failed on attempt 2: SQLSTATE[HY000]: General error: 2006 MySQL server has gone away: SELECT "base_table"."uid" AS "uid", "base_table"."uid" AS "base_table_uid"
FROM
"users" "base_table"
INNER JOIN "users_field_data" "users_field_data" ON "users_field_data"."uid" = "base_table"."uid"
WHERE "users_field_data"."name" LIKE :db_condition_placeholder_0 ESCAPE '\\'; Array
(
    [:db_condition_placeholder_0] => neetha
)
 
 [error]  ❌ Could not find or query user neetha after retries — skipping message. 
[2025-11-10 13:58:38] [INFO] 📩 devices/energy_readings → {"username":"neetha","deviceid":"EV00123","status":"high_current","energy":0}
 [info] [2025-11-10 13:58:38] [INFO] 📩 devices/energy_readings → @"username":"neetha","deviceid":"EV00123","status":"high_current","energy":0
 [warning] ⚠️ DB ping failed, reconnecting...
 [notice] 🔄 Forced new DB connection before query.
 [info] 📩 MQTT message received on devices/energy_readings
 [notice] 🔄 Forced new DB connection before query.
 [info] ⚡ Handling energy_readings for topic devices/energy_readings
 [info] 📊 Parsed payload → user=neetha, device=EV00123, energy=0, status=high_current
 [error]  💥 DB query failed on attempt 1: SQLSTATE[HY000]: General error: 2006 MySQL server has gone away: SELECT "base_table"."uid" AS "uid", "base_table"."uid" AS "base_table_uid"
FROM
"users" "base_table"
INNER JOIN "users_field_data" "users_field_data" ON "users_field_data"."uid" = "base_table"."uid"
WHERE "users_field_data"."name" LIKE :db_condition_placeholder_0 ESCAPE '\\'; Array
(
    [:db_condition_placeholder_0] => neetha
)
 
 [notice] 🔄 Forced new DB connection before query.
 [error]  💥 DB query failed on attempt 2: SQLSTATE[HY000]: General error: 2006 MySQL server has gone away: SELECT "base_table"."uid" AS "uid", "base_table"."uid" AS "base_table_uid"
FROM
"users" "base_table"
INNER JOIN "users_field_data" "users_field_data" ON "users_field_data"."uid" = "base_table"."uid"
WHERE "users_field_data"."name" LIKE :db_condition_placeholder_0 ESCAPE '\\'; Array
(
    [:db_condition_placeholder_0] => neetha
)
 
 [error]  ❌ Could not find or query user neetha after retries — skipping message. 
[2025-11-10 13:59:40] [INFO] 📩 devices/energy_readings → {"username":"neetha","deviceid":"EV00123","status":"high_current","energy":0}
 [info] [2025-11-10 13:59:40] [INFO] 📩 devices/energy_readings → @"username":"neetha","deviceid":"EV00123","status":"high_current","energy":0
 [warning] ⚠️ DB ping failed, reconnecting...
 [notice] 🔄 Forced new DB connection before query.
 [info] 📩 MQTT message received on devices/energy_readings
 [notice] 🔄 Forced new DB connection before query.
 [info] ⚡ Handling energy_readings for topic devices/energy_readings
 [info] 📊 Parsed payload → user=neetha, device=EV00123, energy=0, status=high_current
 [error]  💥 DB query failed on attempt 1: SQLSTATE[HY000]: General error: 2006 MySQL server has gone away: SELECT "base_table"."uid" AS "uid", "base_table"."uid" AS "base_table_uid"
FROM
"users" "base_table"
INNER JOIN "users_field_data" "users_field_data" ON "users_field_data"."uid" = "base_table"."uid"
WHERE "users_field_data"."name" LIKE :db_condition_placeholder_0 ESCAPE '\\'; Array
(
    [:db_condition_placeholder_0] => neetha
)
 
 [notice] 🔄 Forced new DB connection before query.
 [error]  💥 DB query failed on attempt 2: SQLSTATE[HY000]: General error: 2006 MySQL server has gone away: SELECT "base_table"."uid" AS "uid", "base_table"."uid" AS "base_table_uid"
FROM
"users" "base_table"
INNER JOIN "users_field_data" "users_field_data" ON "users_field_data"."uid" = "base_table"."uid"
WHERE "users_field_data"."name" LIKE :db_condition_placeholder_0 ESCAPE '\\'; Array
(
    [:db_condition_placeholder_0] => neetha
)
 
 [error]  ❌ Could not find or query user neetha after retries — skipping message. 
[2025-11-10 14:00:41] [INFO] 📩 devices/energy_readings → {"username":"neetha","deviceid":"EV00123","status":"high_current","energy":0}
 [info] [2025-11-10 14:00:41] [INFO] 📩 devices/energy_readings → @"username":"neetha","deviceid":"EV00123","status":"high_current","energy":0
 [warning] ⚠️ DB ping failed, reconnecting...
 [notice] 🔄 Forced new DB connection before query.
 [info] 📩 MQTT message received on devices/energy_readings
 [notice] 🔄 Forced new DB connection before query.
 [info] ⚡ Handling energy_readings for topic devices/energy_readings
 [info] 📊 Parsed payload → user=neetha, device=EV00123, energy=0, status=high_current
 [error]  💥 DB query failed on attempt 1: SQLSTATE[HY000]: General error: 2006 MySQL server has gone away: SELECT "base_table"."uid" AS "uid", "base_table"."uid" AS "base_table_uid"
FROM
"users" "base_table"
INNER JOIN "users_field_data" "users_field_data" ON "users_field_data"."uid" = "base_table"."uid"
WHERE "users_field_data"."name" LIKE :db_condition_placeholder_0 ESCAPE '\\'; Array
(
    [:db_condition_placeholder_0] => neetha
)
 
 [notice] 🔄 Forced new DB connection before query.
 [error]  💥 DB query failed on attempt 2: SQLSTATE[HY000]: General error: 2006 MySQL server has gone away: SELECT "base_table"."uid" AS "uid", "base_table"."uid" AS "base_table_uid"
FROM
"users" "base_table"
INNER JOIN "users_field_data" "users_field_data" ON "users_field_data"."uid" = "base_table"."uid"
WHERE "users_field_data"."name" LIKE :db_condition_placeholder_0 ESCAPE '\\'; Array
(
    [:db_condition_placeholder_0] => neetha
)
 
 [error]  ❌ Could not find or query user neetha after retries — skipping message. 
[2025-11-10 14:01:18] [INFO] 📩 requests/check_device → {"device_id":"EV00123","username":"neetha","status":"low_current"}
 [info] [2025-11-10 14:01:18] [INFO] 📩 requests/check_device → @"device_id":"EV00123","username":"neetha","status":"low_current"
 [warning] ⚠️ DB ping failed, reconnecting...
 [notice] 🔄 Forced new DB connection before query.
 [info] 📩 MQTT message received on requests/check_device
[2025-11-10 14:01:19] [INFO] 📩 devices/energy_readings → {"username":"neetha","deviceid":"EV00123","status":"low_current","energy":0}
 [info] [2025-11-10 14:01:19] [INFO] 📩 devices/energy_readings → @"username":"neetha","deviceid":"EV00123","status":"low_current","energy":0
 [warning] ⚠️ DB ping failed, reconnecting...
 [notice] 🔄 Forced new DB connection before query.
 [info] 📩 MQTT message received on devices/energy_readings
 [notice] 🔄 Forced new DB connection before query.
 [info] ⚡ Handling energy_readings for topic devices/energy_readings
 [info] 📊 Parsed payload → user=neetha, device=EV00123, energy=0, status=low_current
 [error]  💥 DB query failed on attempt 1: SQLSTATE[HY000]: General error: 2006 MySQL server has gone away: SELECT "base_table"."uid" AS "uid", "base_table"."uid" AS "base_table_uid"
FROM
"users" "base_table"
INNER JOIN "users_field_data" "users_field_data" ON "users_field_data"."uid" = "base_table"."uid"
WHERE "users_field_data"."name" LIKE :db_condition_placeholder_0 ESCAPE '\\'; Array
(
    [:db_condition_placeholder_0] => neetha
)
 
 [notice] 🔄 Forced new DB connection before query.
 [error]  💥 DB query failed on attempt 2: SQLSTATE[HY000]: General error: 2006 MySQL server has gone away: SELECT "base_table"."uid" AS "uid", "base_table"."uid" AS "base_table_uid"
FROM
"users" "base_table"
INNER JOIN "users_field_data" "users_field_data" ON "users_field_data"."uid" = "base_table"."uid"
WHERE "users_field_data"."name" LIKE :db_condition_placeholder_0 ESCAPE '\\'; Array
(
    [:db_condition_placeholder_0] => neetha
)
 
 [error]  ❌ Could not find or query user neetha after retries — skipping message. 
[2025-11-10 14:17:10] [INFO] 📩 requests/get_authorized_devices → {"device_id":"EV00123","username":"neetha","action":"get_energy"}
 [info] [2025-11-10 14:17:10] [INFO] 📩 requests/get_authorized_devices → @"device_id":"EV00123","username":"neetha","action":"get_energy"
 [warning] ⚠️ DB ping failed, reconnecting...
 [notice] 🔄 Forced new DB connection before query.
 [info] 📩 MQTT message received on requests/get_authorized_devices
[2025-11-10 14:17:10] [INFO] 📩 requests/check_device → {"uid":"178","username":"neetha","device_id":"EV00123","status":"match","correlationId":"3ac99c67d00a8adf","replyTo":"responses\/check_device"}
 [info] [2025-11-10 14:17:10] [INFO] 📩 requests/check_device → @"uid":"178","username":"neetha","device_id":"EV00123","status":"match","correlationId":"3ac99c67d00a8adf","replyTo":"responses\/check_device"
 [warning] ⚠️ DB ping failed, reconnecting...
 [notice] 🔄 Forced new DB connection before query.
 [info] 📩 MQTT message received on requests/check_device
[2025-11-10 14:17:12] [INFO] 📩 devices/energy_readings → {"username":"neetha","deviceid":"EV00123","status":"match","energy":0}
 [info] [2025-11-10 14:17:12] [INFO] 📩 devices/energy_readings → @"username":"neetha","deviceid":"EV00123","status":"match","energy":0
 [warning] ⚠️ DB ping failed, reconnecting...
 [notice] 🔄 Forced new DB connection before query.
 [info] 📩 MQTT message received on devices/energy_readings
 [notice] 🔄 Forced new DB connection before query.
 [info] ⚡ Handling energy_readings for topic devices/energy_readings
 [info] 📊 Parsed payload → user=neetha, device=EV00123, energy=0, status=match
 [error]  💥 DB query failed on attempt 1: SQLSTATE[HY000]: General error: 2006 MySQL server has gone away: SELECT "base_table"."uid" AS "uid", "base_table"."uid" AS "base_table_uid"
FROM
"users" "base_table"
INNER JOIN "users_field_data" "users_field_data" ON "users_field_data"."uid" = "base_table"."uid"
WHERE "users_field_data"."name" LIKE :db_condition_placeholder_0 ESCAPE '\\'; Array
(
    [:db_condition_placeholder_0] => neetha
)
 
 [notice] 🔄 Forced new DB connection before query.
 [error]  💥 DB query failed on attempt 2: SQLSTATE[HY000]: General error: 2006 MySQL server has gone away: SELECT "base_table"."uid" AS "uid", "base_table"."uid" AS "base_table_uid"
FROM
"users" "base_table"
INNER JOIN "users_field_data" "users_field_data" ON "users_field_data"."uid" = "base_table"."uid"
WHERE "users_field_data"."name" LIKE :db_condition_placeholder_0 ESCAPE '\\'; Array
(
    [:db_condition_placeholder_0] => neetha
)
 
 [error]  ❌ Could not find or query user neetha after retries — skipping message. 
[2025-11-10 14:17:14] [INFO] 📩 devices/energy_readings → {"username":"neetha","deviceid":"EV00123","status":"high_current","energy":0}
 [info] [2025-11-10 14:17:14] [INFO] 📩 devices/energy_readings → @"username":"neetha","deviceid":"EV00123","status":"high_current","energy":0
 [warning] ⚠️ DB ping failed, reconnecting...
 [notice] 🔄 Forced new DB connection before query.
 [info] 📩 MQTT message received on devices/energy_readings
 [notice] 🔄 Forced new DB connection before query.
 [info] ⚡ Handling energy_readings for topic devices/energy_readings
 [info] 📊 Parsed payload → user=neetha, device=EV00123, energy=0, status=high_current
 [error]  💥 DB query failed on attempt 1: SQLSTATE[HY000]: General error: 2006 MySQL server has gone away: SELECT "base_table"."uid" AS "uid", "base_table"."uid" AS "base_table_uid"
FROM
"users" "base_table"
INNER JOIN "users_field_data" "users_field_data" ON "users_field_data"."uid" = "base_table"."uid"
WHERE "users_field_data"."name" LIKE :db_condition_placeholder_0 ESCAPE '\\'; Array
(
    [:db_condition_placeholder_0] => neetha
)
 
 [notice] 🔄 Forced new DB connection before query.
 [error]  💥 DB query failed on attempt 2: SQLSTATE[HY000]: General error: 2006 MySQL server has gone away: SELECT "base_table"."uid" AS "uid", "base_table"."uid" AS "base_table_uid"
FROM
"users" "base_table"
INNER JOIN "users_field_data" "users_field_data" ON "users_field_data"."uid" = "base_table"."uid"
WHERE "users_field_data"."name" LIKE :db_condition_placeholder_0 ESCAPE '\\'; Array
(
    [:db_condition_placeholder_0] => neetha
)
 
 [error]  ❌ Could not find or query user neetha after retries — skipping message. 
[2025-11-10 14:18:13] [INFO] 📩 devices/energy_readings → {"username":"neetha","deviceid":"EV00123","status":"high_current","energy":0}
 [info] [2025-11-10 14:18:13] [INFO] 📩 devices/energy_readings → @"username":"neetha","deviceid":"EV00123","status":"high_current","energy":0
 [warning] ⚠️ DB ping failed, reconnecting...
 [notice] 🔄 Forced new DB connection before query.
 [info] 📩 MQTT message received on devices/energy_readings
 [notice] 🔄 Forced new DB connection before query.
 [info] ⚡ Handling energy_readings for topic devices/energy_readings
 [info] 📊 Parsed payload → user=neetha, device=EV00123, energy=0, status=high_current
 [error]  💥 DB query failed on attempt 1: SQLSTATE[HY000]: General error: 2006 MySQL server has gone away: SELECT "base_table"."uid" AS "uid", "base_table"."uid" AS "base_table_uid"
FROM
"users" "base_table"
INNER JOIN "users_field_data" "users_field_data" ON "users_field_data"."uid" = "base_table"."uid"
WHERE "users_field_data"."name" LIKE :db_condition_placeholder_0 ESCAPE '\\'; Array
(
    [:db_condition_placeholder_0] => neetha
)
 
 [notice] 🔄 Forced new DB connection before query.
 [error]  💥 DB query failed on attempt 2: SQLSTATE[HY000]: General error: 2006 MySQL server has gone away: SELECT "base_table"."uid" AS "uid", "base_table"."uid" AS "base_table_uid"
FROM
"users" "base_table"
INNER JOIN "users_field_data" "users_field_data" ON "users_field_data"."uid" = "base_table"."uid"
WHERE "users_field_data"."name" LIKE :db_condition_placeholder_0 ESCAPE '\\'; Array
(
    [:db_condition_placeholder_0] => neetha
)
 
 [error]  ❌ Could not find or query user neetha after retries — skipping message. 
[2025-11-10 14:19:15] [INFO] 📩 devices/energy_readings → {"username":"neetha","deviceid":"EV00123","status":"high_current","energy":0}
 [info] [2025-11-10 14:19:15] [INFO] 📩 devices/energy_readings → @"username":"neetha","deviceid":"EV00123","status":"high_current","energy":0
 [warning] ⚠️ DB ping failed, reconnecting...
 [notice] 🔄 Forced new DB connection before query.
 [info] 📩 MQTT message received on devices/energy_readings
 [notice] 🔄 Forced new DB connection before query.
 [info] ⚡ Handling energy_readings for topic devices/energy_readings
 [info] 📊 Parsed payload → user=neetha, device=EV00123, energy=0, status=high_current
 [error]  💥 DB query failed on attempt 1: SQLSTATE[HY000]: General error: 2006 MySQL server has gone away: SELECT "base_table"."uid" AS "uid", "base_table"."uid" AS "base_table_uid"
FROM
"users" "base_table"
INNER JOIN "users_field_data" "users_field_data" ON "users_field_data"."uid" = "base_table"."uid"
WHERE "users_field_data"."name" LIKE :db_condition_placeholder_0 ESCAPE '\\'; Array
(
    [:db_condition_placeholder_0] => neetha
)
 
 [notice] 🔄 Forced new DB connection before query.
 [error]  💥 DB query failed on attempt 2: SQLSTATE[HY000]: General error: 2006 MySQL server has gone away: SELECT "base_table"."uid" AS "uid", "base_table"."uid" AS "base_table_uid"
FROM
"users" "base_table"
INNER JOIN "users_field_data" "users_field_data" ON "users_field_data"."uid" = "base_table"."uid"
WHERE "users_field_data"."name" LIKE :db_condition_placeholder_0 ESCAPE '\\'; Array
(
    [:db_condition_placeholder_0] => neetha
)
 
 [error]  ❌ Could not find or query user neetha after retries — skipping message. 
[2025-11-10 14:20:16] [INFO] 📩 devices/energy_readings → {"username":"neetha","deviceid":"EV00123","status":"high_current","energy":0}
 [info] [2025-11-10 14:20:16] [INFO] 📩 devices/energy_readings → @"username":"neetha","deviceid":"EV00123","status":"high_current","energy":0
 [warning] ⚠️ DB ping failed, reconnecting...
 [notice] 🔄 Forced new DB connection before query.
 [info] 📩 MQTT message received on devices/energy_readings
 [notice] 🔄 Forced new DB connection before query.
 [info] ⚡ Handling energy_readings for topic devices/energy_readings
 [info] 📊 Parsed payload → user=neetha, device=EV00123, energy=0, status=high_current
 [error]  💥 DB query failed on attempt 1: SQLSTATE[HY000]: General error: 2006 MySQL server has gone away: SELECT "base_table"."uid" AS "uid", "base_table"."uid" AS "base_table_uid"
FROM
"users" "base_table"
INNER JOIN "users_field_data" "users_field_data" ON "users_field_data"."uid" = "base_table"."uid"
WHERE "users_field_data"."name" LIKE :db_condition_placeholder_0 ESCAPE '\\'; Array
(
    [:db_condition_placeholder_0] => neetha
)
 
 [notice] 🔄 Forced new DB connection before query.
 [error]  💥 DB query failed on attempt 2: SQLSTATE[HY000]: General error: 2006 MySQL server has gone away: SELECT "base_table"."uid" AS "uid", "base_table"."uid" AS "base_table_uid"
FROM
"users" "base_table"
INNER JOIN "users_field_data" "users_field_data" ON "users_field_data"."uid" = "base_table"."uid"
WHERE "users_field_data"."name" LIKE :db_condition_placeholder_0 ESCAPE '\\'; Array
(
    [:db_condition_placeholder_0] => neetha
)
 
 [error]  ❌ Could not find or query user neetha after retries — skipping message. 
[2025-11-10 14:21:17] [INFO] 📩 devices/energy_readings → {"username":"neetha","deviceid":"EV00123","status":"high_current","energy":0}
 [info] [2025-11-10 14:21:17] [INFO] 📩 devices/energy_readings → @"username":"neetha","deviceid":"EV00123","status":"high_current","energy":0
 [warning] ⚠️ DB ping failed, reconnecting...
 [notice] 🔄 Forced new DB connection before query.
 [info] 📩 MQTT message received on devices/energy_readings
 [notice] 🔄 Forced new DB connection before query.
 [info] ⚡ Handling energy_readings for topic devices/energy_readings
 [info] 📊 Parsed payload → user=neetha, device=EV00123, energy=0, status=high_current
 [error]  💥 DB query failed on attempt 1: SQLSTATE[HY000]: General error: 2006 MySQL server has gone away: SELECT "base_table"."uid" AS "uid", "base_table"."uid" AS "base_table_uid"
FROM
"users" "base_table"
INNER JOIN "users_field_data" "users_field_data" ON "users_field_data"."uid" = "base_table"."uid"
WHERE "users_field_data"."name" LIKE :db_condition_placeholder_0 ESCAPE '\\'; Array
(
    [:db_condition_placeholder_0] => neetha
)
 
 [notice] 🔄 Forced new DB connection before query.
 [error]  💥 DB query failed on attempt 2: SQLSTATE[HY000]: General error: 2006 MySQL server has gone away: SELECT "base_table"."uid" AS "uid", "base_table"."uid" AS "base_table_uid"
FROM
"users" "base_table"
INNER JOIN "users_field_data" "users_field_data" ON "users_field_data"."uid" = "base_table"."uid"
WHERE "users_field_data"."name" LIKE :db_condition_placeholder_0 ESCAPE '\\'; Array
(
    [:db_condition_placeholder_0] => neetha
)
 
 [error]  ❌ Could not find or query user neetha after retries — skipping message. 
[2025-11-10 14:22:19] [INFO] 📩 devices/energy_readings → {"username":"neetha","deviceid":"EV00123","status":"high_current","energy":0}
 [info] [2025-11-10 14:22:19] [INFO] 📩 devices/energy_readings → @"username":"neetha","deviceid":"EV00123","status":"high_current","energy":0
 [warning] ⚠️ DB ping failed, reconnecting...
 [notice] 🔄 Forced new DB connection before query.
 [info] 📩 MQTT message received on devices/energy_readings
 [notice] 🔄 Forced new DB connection before query.
 [info] ⚡ Handling energy_readings for topic devices/energy_readings
 [info] 📊 Parsed payload → user=neetha, device=EV00123, energy=0, status=high_current
 [error]  💥 DB query failed on attempt 1: SQLSTATE[HY000]: General error: 2006 MySQL server has gone away: SELECT "base_table"."uid" AS "uid", "base_table"."uid" AS "base_table_uid"
FROM
"users" "base_table"
INNER JOIN "users_field_data" "users_field_data" ON "users_field_data"."uid" = "base_table"."uid"
WHERE "users_field_data"."name" LIKE :db_condition_placeholder_0 ESCAPE '\\'; Array
(
    [:db_condition_placeholder_0] => neetha
)
 
 [notice] 🔄 Forced new DB connection before query.
 [error]  💥 DB query failed on attempt 2: SQLSTATE[HY000]: General error: 2006 MySQL server has gone away: SELECT "base_table"."uid" AS "uid", "base_table"."uid" AS "base_table_uid"
FROM
"users" "base_table"
INNER JOIN "users_field_data" "users_field_data" ON "users_field_data"."uid" = "base_table"."uid"
WHERE "users_field_data"."name" LIKE :db_condition_placeholder_0 ESCAPE '\\'; Array
(
    [:db_condition_placeholder_0] => neetha
)
 
 [error]  ❌ Could not find or query user neetha after retries — skipping message. 
[2025-11-10 14:23:20] [INFO] 📩 devices/energy_readings → {"username":"neetha","deviceid":"EV00123","status":"high_current","energy":0}
 [info] [2025-11-10 14:23:20] [INFO] 📩 devices/energy_readings → @"username":"neetha","deviceid":"EV00123","status":"high_current","energy":0
 [warning] ⚠️ DB ping failed, reconnecting...
 [notice] 🔄 Forced new DB connection before query.
 [info] 📩 MQTT message received on devices/energy_readings
 [notice] 🔄 Forced new DB connection before query.
 [info] ⚡ Handling energy_readings for topic devices/energy_readings
 [info] 📊 Parsed payload → user=neetha, device=EV00123, energy=0, status=high_current
 [error]  💥 DB query failed on attempt 1: SQLSTATE[HY000]: General error: 2006 MySQL server has gone away: SELECT "base_table"."uid" AS "uid", "base_table"."uid" AS "base_table_uid"
FROM
"users" "base_table"
INNER JOIN "users_field_data" "users_field_data" ON "users_field_data"."uid" = "base_table"."uid"
WHERE "users_field_data"."name" LIKE :db_condition_placeholder_0 ESCAPE '\\'; Array
(
    [:db_condition_placeholder_0] => neetha
)
 
 [notice] 🔄 Forced new DB connection before query.
 [error]  💥 DB query failed on attempt 2: SQLSTATE[HY000]: General error: 2006 MySQL server has gone away: SELECT "base_table"."uid" AS "uid", "base_table"."uid" AS "base_table_uid"
FROM
"users" "base_table"
INNER JOIN "users_field_data" "users_field_data" ON "users_field_data"."uid" = "base_table"."uid"
WHERE "users_field_data"."name" LIKE :db_condition_placeholder_0 ESCAPE '\\'; Array
(
    [:db_condition_placeholder_0] => neetha
)
 
 [error]  ❌ Could not find or query user neetha after retries — skipping message. 
[2025-11-10 14:24:21] [INFO] 📩 devices/energy_readings → {"username":"neetha","deviceid":"EV00123","status":"high_current","energy":0}
 [info] [2025-11-10 14:24:21] [INFO] 📩 devices/energy_readings → @"username":"neetha","deviceid":"EV00123","status":"high_current","energy":0
 [warning] ⚠️ DB ping failed, reconnecting...
 [notice] 🔄 Forced new DB connection before query.
 [info] 📩 MQTT message received on devices/energy_readings
 [notice] 🔄 Forced new DB connection before query.
 [info] ⚡ Handling energy_readings for topic devices/energy_readings
 [info] 📊 Parsed payload → user=neetha, device=EV00123, energy=0, status=high_current
 [error]  💥 DB query failed on attempt 1: SQLSTATE[HY000]: General error: 2006 MySQL server has gone away: SELECT "base_table"."uid" AS "uid", "base_table"."uid" AS "base_table_uid"
FROM
"users" "base_table"
INNER JOIN "users_field_data" "users_field_data" ON "users_field_data"."uid" = "base_table"."uid"
WHERE "users_field_data"."name" LIKE :db_condition_placeholder_0 ESCAPE '\\'; Array
(
    [:db_condition_placeholder_0] => neetha
)
 
 [notice] 🔄 Forced new DB connection before query.
 [error]  💥 DB query failed on attempt 2: SQLSTATE[HY000]: General error: 2006 MySQL server has gone away: SELECT "base_table"."uid" AS "uid", "base_table"."uid" AS "base_table_uid"
FROM
"users" "base_table"
INNER JOIN "users_field_data" "users_field_data" ON "users_field_data"."uid" = "base_table"."uid"
WHERE "users_field_data"."name" LIKE :db_condition_placeholder_0 ESCAPE '\\'; Array
(
    [:db_condition_placeholder_0] => neetha
)
 
 [error]  ❌ Could not find or query user neetha after retries — skipping message. 
[2025-11-10 14:25:22] [INFO] 📩 devices/energy_readings → {"username":"neetha","deviceid":"EV00123","status":"high_current","energy":0}
 [info] [2025-11-10 14:25:22] [INFO] 📩 devices/energy_readings → @"username":"neetha","deviceid":"EV00123","status":"high_current","energy":0
 [warning] ⚠️ DB ping failed, reconnecting...
 [notice] 🔄 Forced new DB connection before query.
 [info] 📩 MQTT message received on devices/energy_readings
 [notice] 🔄 Forced new DB connection before query.
 [info] ⚡ Handling energy_readings for topic devices/energy_readings
 [info] 📊 Parsed payload → user=neetha, device=EV00123, energy=0, status=high_current
 [error]  💥 DB query failed on attempt 1: SQLSTATE[HY000]: General error: 2006 MySQL server has gone away: SELECT "base_table"."uid" AS "uid", "base_table"."uid" AS "base_table_uid"
FROM
"users" "base_table"
INNER JOIN "users_field_data" "users_field_data" ON "users_field_data"."uid" = "base_table"."uid"
WHERE "users_field_data"."name" LIKE :db_condition_placeholder_0 ESCAPE '\\'; Array
(
    [:db_condition_placeholder_0] => neetha
)
 
 [notice] 🔄 Forced new DB connection before query.
 [error]  💥 DB query failed on attempt 2: SQLSTATE[HY000]: General error: 2006 MySQL server has gone away: SELECT "base_table"."uid" AS "uid", "base_table"."uid" AS "base_table_uid"
FROM
"users" "base_table"
INNER JOIN "users_field_data" "users_field_data" ON "users_field_data"."uid" = "base_table"."uid"
WHERE "users_field_data"."name" LIKE :db_condition_placeholder_0 ESCAPE '\\'; Array
(
    [:db_condition_placeholder_0] => neetha
)
 
 [error]  ❌ Could not find or query user neetha after retries — skipping message. 
[2025-11-10 14:26:24] [INFO] 📩 devices/energy_readings → {"username":"neetha","deviceid":"EV00123","status":"high_current","energy":0}
 [info] [2025-11-10 14:26:24] [INFO] 📩 devices/energy_readings → @"username":"neetha","deviceid":"EV00123","status":"high_current","energy":0
 [warning] ⚠️ DB ping failed, reconnecting...
 [notice] 🔄 Forced new DB connection before query.
 [info] 📩 MQTT message received on devices/energy_readings
 [notice] 🔄 Forced new DB connection before query.
 [info] ⚡ Handling energy_readings for topic devices/energy_readings
 [info] 📊 Parsed payload → user=neetha, device=EV00123, energy=0, status=high_current
 [error]  💥 DB query failed on attempt 1: SQLSTATE[HY000]: General error: 2006 MySQL server has gone away: SELECT "base_table"."uid" AS "uid", "base_table"."uid" AS "base_table_uid"
FROM
"users" "base_table"
INNER JOIN "users_field_data" "users_field_data" ON "users_field_data"."uid" = "base_table"."uid"
WHERE "users_field_data"."name" LIKE :db_condition_placeholder_0 ESCAPE '\\'; Array
(
    [:db_condition_placeholder_0] => neetha
)
 
 [notice] 🔄 Forced new DB connection before query.
 [error]  💥 DB query failed on attempt 2: SQLSTATE[HY000]: General error: 2006 MySQL server has gone away: SELECT "base_table"."uid" AS "uid", "base_table"."uid" AS "base_table_uid"
FROM
"users" "base_table"
INNER JOIN "users_field_data" "users_field_data" ON "users_field_data"."uid" = "base_table"."uid"
WHERE "users_field_data"."name" LIKE :db_condition_placeholder_0 ESCAPE '\\'; Array
(
    [:db_condition_placeholder_0] => neetha
)
 
 [error]  ❌ Could not find or query user neetha after retries — skipping message. 
[2025-11-10 14:27:25] [INFO] 📩 devices/energy_readings → {"username":"neetha","deviceid":"EV00123","status":"high_current","energy":0}
 [info] [2025-11-10 14:27:25] [INFO] 📩 devices/energy_readings → @"username":"neetha","deviceid":"EV00123","status":"high_current","energy":0
 [warning] ⚠️ DB ping failed, reconnecting...
 [notice] 🔄 Forced new DB connection before query.
 [info] 📩 MQTT message received on devices/energy_readings
 [notice] 🔄 Forced new DB connection before query.
 [info] ⚡ Handling energy_readings for topic devices/energy_readings
 [info] 📊 Parsed payload → user=neetha, device=EV00123, energy=0, status=high_current
 [error]  💥 DB query failed on attempt 1: SQLSTATE[HY000]: General error: 2006 MySQL server has gone away: SELECT "base_table"."uid" AS "uid", "base_table"."uid" AS "base_table_uid"
FROM
"users" "base_table"
INNER JOIN "users_field_data" "users_field_data" ON "users_field_data"."uid" = "base_table"."uid"
WHERE "users_field_data"."name" LIKE :db_condition_placeholder_0 ESCAPE '\\'; Array
(
    [:db_condition_placeholder_0] => neetha
)
 
 [notice] 🔄 Forced new DB connection before query.
 [error]  💥 DB query failed on attempt 2: SQLSTATE[HY000]: General error: 2006 MySQL server has gone away: SELECT "base_table"."uid" AS "uid", "base_table"."uid" AS "base_table_uid"
FROM
"users" "base_table"
INNER JOIN "users_field_data" "users_field_data" ON "users_field_data"."uid" = "base_table"."uid"
WHERE "users_field_data"."name" LIKE :db_condition_placeholder_0 ESCAPE '\\'; Array
(
    [:db_condition_placeholder_0] => neetha
)
 
 [error]  ❌ Could not find or query user neetha after retries — skipping message. 
[2025-11-10 14:28:26] [INFO] 📩 devices/energy_readings → {"username":"neetha","deviceid":"EV00123","status":"high_current","energy":0}
 [info] [2025-11-10 14:28:26] [INFO] 📩 devices/energy_readings → @"username":"neetha","deviceid":"EV00123","status":"high_current","energy":0
 [warning] ⚠️ DB ping failed, reconnecting...
 [notice] 🔄 Forced new DB connection before query.
 [info] 📩 MQTT message received on devices/energy_readings
 [notice] 🔄 Forced new DB connection before query.
 [info] ⚡ Handling energy_readings for topic devices/energy_readings
 [info] 📊 Parsed payload → user=neetha, device=EV00123, energy=0, status=high_current
 [error]  💥 DB query failed on attempt 1: SQLSTATE[HY000]: General error: 2006 MySQL server has gone away: SELECT "base_table"."uid" AS "uid", "base_table"."uid" AS "base_table_uid"
FROM
"users" "base_table"
INNER JOIN "users_field_data" "users_field_data" ON "users_field_data"."uid" = "base_table"."uid"
WHERE "users_field_data"."name" LIKE :db_condition_placeholder_0 ESCAPE '\\'; Array
(
    [:db_condition_placeholder_0] => neetha
)
 
 [notice] 🔄 Forced new DB connection before query.
 [error]  💥 DB query failed on attempt 2: SQLSTATE[HY000]: General error: 2006 MySQL server has gone away: SELECT "base_table"."uid" AS "uid", "base_table"."uid" AS "base_table_uid"
FROM
"users" "base_table"
INNER JOIN "users_field_data" "users_field_data" ON "users_field_data"."uid" = "base_table"."uid"
WHERE "users_field_data"."name" LIKE :db_condition_placeholder_0 ESCAPE '\\'; Array
(
    [:db_condition_placeholder_0] => neetha
)
 
 [error]  ❌ Could not find or query user neetha after retries — skipping message. 
[2025-11-10 14:29:28] [INFO] 📩 devices/energy_readings → {"username":"neetha","deviceid":"EV00123","status":"high_current","energy":0}
 [info] [2025-11-10 14:29:28] [INFO] 📩 devices/energy_readings → @"username":"neetha","deviceid":"EV00123","status":"high_current","energy":0
 [warning] ⚠️ DB ping failed, reconnecting...
 [notice] 🔄 Forced new DB connection before query.
 [info] 📩 MQTT message received on devices/energy_readings
 [notice] 🔄 Forced new DB connection before query.
 [info] ⚡ Handling energy_readings for topic devices/energy_readings
 [info] 📊 Parsed payload → user=neetha, device=EV00123, energy=0, status=high_current
 [error]  💥 DB query failed on attempt 1: SQLSTATE[HY000]: General error: 2006 MySQL server has gone away: SELECT "base_table"."uid" AS "uid", "base_table"."uid" AS "base_table_uid"
FROM
"users" "base_table"
INNER JOIN "users_field_data" "users_field_data" ON "users_field_data"."uid" = "base_table"."uid"
WHERE "users_field_data"."name" LIKE :db_condition_placeholder_0 ESCAPE '\\'; Array
(
    [:db_condition_placeholder_0] => neetha
)
 
 [notice] 🔄 Forced new DB connection before query.
 [error]  💥 DB query failed on attempt 2: SQLSTATE[HY000]: General error: 2006 MySQL server has gone away: SELECT "base_table"."uid" AS "uid", "base_table"."uid" AS "base_table_uid"
FROM
"users" "base_table"
INNER JOIN "users_field_data" "users_field_data" ON "users_field_data"."uid" = "base_table"."uid"
WHERE "users_field_data"."name" LIKE :db_condition_placeholder_0 ESCAPE '\\'; Array
(
    [:db_condition_placeholder_0] => neetha
)
 
 [error]  ❌ Could not find or query user neetha after retries — skipping message. 
[2025-11-10 14:30:29] [INFO] 📩 devices/energy_readings → {"username":"neetha","deviceid":"EV00123","status":"high_current","energy":0}
 [info] [2025-11-10 14:30:29] [INFO] 📩 devices/energy_readings → @"username":"neetha","deviceid":"EV00123","status":"high_current","energy":0
 [warning] ⚠️ DB ping failed, reconnecting...
 [notice] 🔄 Forced new DB connection before query.
 [info] 📩 MQTT message received on devices/energy_readings
 [notice] 🔄 Forced new DB connection before query.
 [info] ⚡ Handling energy_readings for topic devices/energy_readings
 [info] 📊 Parsed payload → user=neetha, device=EV00123, energy=0, status=high_current
 [error]  💥 DB query failed on attempt 1: SQLSTATE[HY000]: General error: 2006 MySQL server has gone away: SELECT "base_table"."uid" AS "uid", "base_table"."uid" AS "base_table_uid"
FROM
"users" "base_table"
INNER JOIN "users_field_data" "users_field_data" ON "users_field_data"."uid" = "base_table"."uid"
WHERE "users_field_data"."name" LIKE :db_condition_placeholder_0 ESCAPE '\\'; Array
(
    [:db_condition_placeholder_0] => neetha
)
 
 [notice] 🔄 Forced new DB connection before query.
 [error]  💥 DB query failed on attempt 2: SQLSTATE[HY000]: General error: 2006 MySQL server has gone away: SELECT "base_table"."uid" AS "uid", "base_table"."uid" AS "base_table_uid"
FROM
"users" "base_table"
INNER JOIN "users_field_data" "users_field_data" ON "users_field_data"."uid" = "base_table"."uid"
WHERE "users_field_data"."name" LIKE :db_condition_placeholder_0 ESCAPE '\\'; Array
(
    [:db_condition_placeholder_0] => neetha
)
 
 [error]  ❌ Could not find or query user neetha after retries — skipping message. 
[2025-11-10 14:31:30] [INFO] 📩 devices/energy_readings → {"username":"neetha","deviceid":"EV00123","status":"high_current","energy":0}
 [info] [2025-11-10 14:31:30] [INFO] 📩 devices/energy_readings → @"username":"neetha","deviceid":"EV00123","status":"high_current","energy":0
 [warning] ⚠️ DB ping failed, reconnecting...
 [notice] 🔄 Forced new DB connection before query.
 [info] 📩 MQTT message received on devices/energy_readings
 [notice] 🔄 Forced new DB connection before query.
 [info] ⚡ Handling energy_readings for topic devices/energy_readings
 [info] 📊 Parsed payload → user=neetha, device=EV00123, energy=0, status=high_current
 [error]  💥 DB query failed on attempt 1: SQLSTATE[HY000]: General error: 2006 MySQL server has gone away: SELECT "base_table"."uid" AS "uid", "base_table"."uid" AS "base_table_uid"
FROM
"users" "base_table"
INNER JOIN "users_field_data" "users_field_data" ON "users_field_data"."uid" = "base_table"."uid"
WHERE "users_field_data"."name" LIKE :db_condition_placeholder_0 ESCAPE '\\'; Array
(
    [:db_condition_placeholder_0] => neetha
)
 
 [notice] 🔄 Forced new DB connection before query.
 [error]  💥 DB query failed on attempt 2: SQLSTATE[HY000]: General error: 2006 MySQL server has gone away: SELECT "base_table"."uid" AS "uid", "base_table"."uid" AS "base_table_uid"
FROM
"users" "base_table"
INNER JOIN "users_field_data" "users_field_data" ON "users_field_data"."uid" = "base_table"."uid"
WHERE "users_field_data"."name" LIKE :db_condition_placeholder_0 ESCAPE '\\'; Array
(
    [:db_condition_placeholder_0] => neetha
)
 
 [error]  ❌ Could not find or query user neetha after retries — skipping message. 
[2025-11-10 14:32:32] [INFO] 📩 devices/energy_readings → {"username":"neetha","deviceid":"EV00123","status":"high_current","energy":0}
 [info] [2025-11-10 14:32:32] [INFO] 📩 devices/energy_readings → @"username":"neetha","deviceid":"EV00123","status":"high_current","energy":0
 [warning] ⚠️ DB ping failed, reconnecting...
 [notice] 🔄 Forced new DB connection before query.
 [info] 📩 MQTT message received on devices/energy_readings
 [notice] 🔄 Forced new DB connection before query.
 [info] ⚡ Handling energy_readings for topic devices/energy_readings
 [info] 📊 Parsed payload → user=neetha, device=EV00123, energy=0, status=high_current
 [error]  💥 DB query failed on attempt 1: SQLSTATE[HY000]: General error: 2006 MySQL server has gone away: SELECT "base_table"."uid" AS "uid", "base_table"."uid" AS "base_table_uid"
FROM
"users" "base_table"
INNER JOIN "users_field_data" "users_field_data" ON "users_field_data"."uid" = "base_table"."uid"
WHERE "users_field_data"."name" LIKE :db_condition_placeholder_0 ESCAPE '\\'; Array
(
    [:db_condition_placeholder_0] => neetha
)
 
 [notice] 🔄 Forced new DB connection before query.
 [error]  💥 DB query failed on attempt 2: SQLSTATE[HY000]: General error: 2006 MySQL server has gone away: SELECT "base_table"."uid" AS "uid", "base_table"."uid" AS "base_table_uid"
FROM
"users" "base_table"
INNER JOIN "users_field_data" "users_field_data" ON "users_field_data"."uid" = "base_table"."uid"
WHERE "users_field_data"."name" LIKE :db_condition_placeholder_0 ESCAPE '\\'; Array
(
    [:db_condition_placeholder_0] => neetha
)
 
 [error]  ❌ Could not find or query user neetha after retries — skipping message. 
[2025-11-10 14:33:33] [INFO] 📩 devices/energy_readings → {"username":"neetha","deviceid":"EV00123","status":"high_current","energy":0}
 [info] [2025-11-10 14:33:33] [INFO] 📩 devices/energy_readings → @"username":"neetha","deviceid":"EV00123","status":"high_current","energy":0
 [warning] ⚠️ DB ping failed, reconnecting...
 [notice] 🔄 Forced new DB connection before query.
 [info] 📩 MQTT message received on devices/energy_readings
 [notice] 🔄 Forced new DB connection before query.
 [info] ⚡ Handling energy_readings for topic devices/energy_readings
 [info] 📊 Parsed payload → user=neetha, device=EV00123, energy=0, status=high_current
 [error]  💥 DB query failed on attempt 1: SQLSTATE[HY000]: General error: 2006 MySQL server has gone away: SELECT "base_table"."uid" AS "uid", "base_table"."uid" AS "base_table_uid"
FROM
"users" "base_table"
INNER JOIN "users_field_data" "users_field_data" ON "users_field_data"."uid" = "base_table"."uid"
WHERE "users_field_data"."name" LIKE :db_condition_placeholder_0 ESCAPE '\\'; Array
(
    [:db_condition_placeholder_0] => neetha
)
 
 [notice] 🔄 Forced new DB connection before query.
 [error]  💥 DB query failed on attempt 2: SQLSTATE[HY000]: General error: 2006 MySQL server has gone away: SELECT "base_table"."uid" AS "uid", "base_table"."uid" AS "base_table_uid"
FROM
"users" "base_table"
INNER JOIN "users_field_data" "users_field_data" ON "users_field_data"."uid" = "base_table"."uid"
WHERE "users_field_data"."name" LIKE :db_condition_placeholder_0 ESCAPE '\\'; Array
(
    [:db_condition_placeholder_0] => neetha
)
 
 [error]  ❌ Could not find or query user neetha after retries — skipping message. 
[2025-11-10 14:34:34] [INFO] 📩 devices/energy_readings → {"username":"neetha","deviceid":"EV00123","status":"high_current","energy":0}
 [info] [2025-11-10 14:34:34] [INFO] 📩 devices/energy_readings → @"username":"neetha","deviceid":"EV00123","status":"high_current","energy":0
 [warning] ⚠️ DB ping failed, reconnecting...
 [notice] 🔄 Forced new DB connection before query.
 [info] 📩 MQTT message received on devices/energy_readings
 [notice] 🔄 Forced new DB connection before query.
 [info] ⚡ Handling energy_readings for topic devices/energy_readings
 [info] 📊 Parsed payload → user=neetha, device=EV00123, energy=0, status=high_current
 [error]  💥 DB query failed on attempt 1: SQLSTATE[HY000]: General error: 2006 MySQL server has gone away: SELECT "base_table"."uid" AS "uid", "base_table"."uid" AS "base_table_uid"
FROM
"users" "base_table"
INNER JOIN "users_field_data" "users_field_data" ON "users_field_data"."uid" = "base_table"."uid"
WHERE "users_field_data"."name" LIKE :db_condition_placeholder_0 ESCAPE '\\'; Array
(
    [:db_condition_placeholder_0] => neetha
)
 
 [notice] 🔄 Forced new DB connection before query.
 [error]  💥 DB query failed on attempt 2: SQLSTATE[HY000]: General error: 2006 MySQL server has gone away: SELECT "base_table"."uid" AS "uid", "base_table"."uid" AS "base_table_uid"
FROM
"users" "base_table"
INNER JOIN "users_field_data" "users_field_data" ON "users_field_data"."uid" = "base_table"."uid"
WHERE "users_field_data"."name" LIKE :db_condition_placeholder_0 ESCAPE '\\'; Array
(
    [:db_condition_placeholder_0] => neetha
)
 
 [error]  ❌ Could not find or query user neetha after retries — skipping message. 
[2025-11-10 14:35:36] [INFO] 📩 devices/energy_readings → {"username":"neetha","deviceid":"EV00123","status":"high_current","energy":0}
 [info] [2025-11-10 14:35:36] [INFO] 📩 devices/energy_readings → @"username":"neetha","deviceid":"EV00123","status":"high_current","energy":0
 [warning] ⚠️ DB ping failed, reconnecting...
 [notice] 🔄 Forced new DB connection before query.
 [info] 📩 MQTT message received on devices/energy_readings
 [notice] 🔄 Forced new DB connection before query.
 [info] ⚡ Handling energy_readings for topic devices/energy_readings
 [info] 📊 Parsed payload → user=neetha, device=EV00123, energy=0, status=high_current
 [error]  💥 DB query failed on attempt 1: SQLSTATE[HY000]: General error: 2006 MySQL server has gone away: SELECT "base_table"."uid" AS "uid", "base_table"."uid" AS "base_table_uid"
FROM
"users" "base_table"
INNER JOIN "users_field_data" "users_field_data" ON "users_field_data"."uid" = "base_table"."uid"
WHERE "users_field_data"."name" LIKE :db_condition_placeholder_0 ESCAPE '\\'; Array
(
    [:db_condition_placeholder_0] => neetha
)
 
 [notice] 🔄 Forced new DB connection before query.
 [error]  💥 DB query failed on attempt 2: SQLSTATE[HY000]: General error: 2006 MySQL server has gone away: SELECT "base_table"."uid" AS "uid", "base_table"."uid" AS "base_table_uid"
FROM
"users" "base_table"
INNER JOIN "users_field_data" "users_field_data" ON "users_field_data"."uid" = "base_table"."uid"
WHERE "users_field_data"."name" LIKE :db_condition_placeholder_0 ESCAPE '\\'; Array
(
    [:db_condition_placeholder_0] => neetha
)
 
 [error]  ❌ Could not find or query user neetha after retries — skipping message. 
[2025-11-10 14:36:37] [INFO] 📩 devices/energy_readings → {"username":"neetha","deviceid":"EV00123","status":"high_current","energy":0}
 [info] [2025-11-10 14:36:37] [INFO] 📩 devices/energy_readings → @"username":"neetha","deviceid":"EV00123","status":"high_current","energy":0
 [warning] ⚠️ DB ping failed, reconnecting...
 [notice] 🔄 Forced new DB connection before query.
 [info] 📩 MQTT message received on devices/energy_readings
 [notice] 🔄 Forced new DB connection before query.
 [info] ⚡ Handling energy_readings for topic devices/energy_readings
 [info] 📊 Parsed payload → user=neetha, device=EV00123, energy=0, status=high_current
 [error]  💥 DB query failed on attempt 1: SQLSTATE[HY000]: General error: 2006 MySQL server has gone away: SELECT "base_table"."uid" AS "uid", "base_table"."uid" AS "base_table_uid"
FROM
"users" "base_table"
INNER JOIN "users_field_data" "users_field_data" ON "users_field_data"."uid" = "base_table"."uid"
WHERE "users_field_data"."name" LIKE :db_condition_placeholder_0 ESCAPE '\\'; Array
(
    [:db_condition_placeholder_0] => neetha
)
 
 [notice] 🔄 Forced new DB connection before query.
 [error]  💥 DB query failed on attempt 2: SQLSTATE[HY000]: General error: 2006 MySQL server has gone away: SELECT "base_table"."uid" AS "uid", "base_table"."uid" AS "base_table_uid"
FROM
"users" "base_table"
INNER JOIN "users_field_data" "users_field_data" ON "users_field_data"."uid" = "base_table"."uid"
WHERE "users_field_data"."name" LIKE :db_condition_placeholder_0 ESCAPE '\\'; Array
(
    [:db_condition_placeholder_0] => neetha
)
 
 [error]  ❌ Could not find or query user neetha after retries — skipping message. 
[2025-11-10 14:37:38] [INFO] 📩 devices/energy_readings → {"username":"neetha","deviceid":"EV00123","status":"high_current","energy":0}
 [info] [2025-11-10 14:37:38] [INFO] 📩 devices/energy_readings → @"username":"neetha","deviceid":"EV00123","status":"high_current","energy":0
 [warning] ⚠️ DB ping failed, reconnecting...
 [notice] 🔄 Forced new DB connection before query.
 [info] 📩 MQTT message received on devices/energy_readings
 [notice] 🔄 Forced new DB connection before query.
 [info] ⚡ Handling energy_readings for topic devices/energy_readings
 [info] 📊 Parsed payload → user=neetha, device=EV00123, energy=0, status=high_current
 [error]  💥 DB query failed on attempt 1: SQLSTATE[HY000]: General error: 2006 MySQL server has gone away: SELECT "base_table"."uid" AS "uid", "base_table"."uid" AS "base_table_uid"
FROM
"users" "base_table"
INNER JOIN "users_field_data" "users_field_data" ON "users_field_data"."uid" = "base_table"."uid"
WHERE "users_field_data"."name" LIKE :db_condition_placeholder_0 ESCAPE '\\'; Array
(
    [:db_condition_placeholder_0] => neetha
)
 
 [notice] 🔄 Forced new DB connection before query.
 [error]  💥 DB query failed on attempt 2: SQLSTATE[HY000]: General error: 2006 MySQL server has gone away: SELECT "base_table"."uid" AS "uid", "base_table"."uid" AS "base_table_uid"
FROM
"users" "base_table"
INNER JOIN "users_field_data" "users_field_data" ON "users_field_data"."uid" = "base_table"."uid"
WHERE "users_field_data"."name" LIKE :db_condition_placeholder_0 ESCAPE '\\'; Array
(
    [:db_condition_placeholder_0] => neetha
)
 
 [error]  ❌ Could not find or query user neetha after retries — skipping message. 
[2025-11-10 14:38:40] [INFO] 📩 devices/energy_readings → {"username":"neetha","deviceid":"EV00123","status":"high_current","energy":0}
 [info] [2025-11-10 14:38:40] [INFO] 📩 devices/energy_readings → @"username":"neetha","deviceid":"EV00123","status":"high_current","energy":0
 [warning] ⚠️ DB ping failed, reconnecting...
 [notice] 🔄 Forced new DB connection before query.
 [info] 📩 MQTT message received on devices/energy_readings
 [notice] 🔄 Forced new DB connection before query.
 [info] ⚡ Handling energy_readings for topic devices/energy_readings
 [info] 📊 Parsed payload → user=neetha, device=EV00123, energy=0, status=high_current
 [error]  💥 DB query failed on attempt 1: SQLSTATE[HY000]: General error: 2006 MySQL server has gone away: SELECT "base_table"."uid" AS "uid", "base_table"."uid" AS "base_table_uid"
FROM
"users" "base_table"
INNER JOIN "users_field_data" "users_field_data" ON "users_field_data"."uid" = "base_table"."uid"
WHERE "users_field_data"."name" LIKE :db_condition_placeholder_0 ESCAPE '\\'; Array
(
    [:db_condition_placeholder_0] => neetha
)
 
 [notice] 🔄 Forced new DB connection before query.
 [error]  💥 DB query failed on attempt 2: SQLSTATE[HY000]: General error: 2006 MySQL server has gone away: SELECT "base_table"."uid" AS "uid", "base_table"."uid" AS "base_table_uid"
FROM
"users" "base_table"
INNER JOIN "users_field_data" "users_field_data" ON "users_field_data"."uid" = "base_table"."uid"
WHERE "users_field_data"."name" LIKE :db_condition_placeholder_0 ESCAPE '\\'; Array
(
    [:db_condition_placeholder_0] => neetha
)
 
 [error]  ❌ Could not find or query user neetha after retries — skipping message. 
[2025-11-10 14:39:41] [INFO] 📩 devices/energy_readings → {"username":"neetha","deviceid":"EV00123","status":"high_current","energy":0}
 [info] [2025-11-10 14:39:41] [INFO] 📩 devices/energy_readings → @"username":"neetha","deviceid":"EV00123","status":"high_current","energy":0
 [warning] ⚠️ DB ping failed, reconnecting...
 [notice] 🔄 Forced new DB connection before query.
 [info] 📩 MQTT message received on devices/energy_readings
 [notice] 🔄 Forced new DB connection before query.
 [info] ⚡ Handling energy_readings for topic devices/energy_readings
 [info] 📊 Parsed payload → user=neetha, device=EV00123, energy=0, status=high_current
 [error]  💥 DB query failed on attempt 1: SQLSTATE[HY000]: General error: 2006 MySQL server has gone away: SELECT "base_table"."uid" AS "uid", "base_table"."uid" AS "base_table_uid"
FROM
"users" "base_table"
INNER JOIN "users_field_data" "users_field_data" ON "users_field_data"."uid" = "base_table"."uid"
WHERE "users_field_data"."name" LIKE :db_condition_placeholder_0 ESCAPE '\\'; Array
(
    [:db_condition_placeholder_0] => neetha
)
 
 [notice] 🔄 Forced new DB connection before query.
 [error]  💥 DB query failed on attempt 2: SQLSTATE[HY000]: General error: 2006 MySQL server has gone away: SELECT "base_table"."uid" AS "uid", "base_table"."uid" AS "base_table_uid"
FROM
"users" "base_table"
INNER JOIN "users_field_data" "users_field_data" ON "users_field_data"."uid" = "base_table"."uid"
WHERE "users_field_data"."name" LIKE :db_condition_placeholder_0 ESCAPE '\\'; Array
(
    [:db_condition_placeholder_0] => neetha
)
 
 [error]  ❌ Could not find or query user neetha after retries — skipping message. 
[2025-11-10 14:40:37] [INFO] 📩 requests/check_device → {"device_id":"EV00123","username":"neetha","status":"low_current"}
 [info] [2025-11-10 14:40:37] [INFO] 📩 requests/check_device → @"device_id":"EV00123","username":"neetha","status":"low_current"
 [warning] ⚠️ DB ping failed, reconnecting...
 [notice] 🔄 Forced new DB connection before query.
 [info] 📩 MQTT message received on requests/check_device
[2025-11-10 14:40:40] [INFO] 📩 devices/energy_readings → {"username":"neetha","deviceid":"EV00123","status":"low_current","energy":0}
 [info] [2025-11-10 14:40:40] [INFO] 📩 devices/energy_readings → @"username":"neetha","deviceid":"EV00123","status":"low_current","energy":0
 [warning] ⚠️ DB ping failed, reconnecting...
 [notice] 🔄 Forced new DB connection before query.
 [info] 📩 MQTT message received on devices/energy_readings
 [notice] 🔄 Forced new DB connection before query.
 [info] ⚡ Handling energy_readings for topic devices/energy_readings
 [info] 📊 Parsed payload → user=neetha, device=EV00123, energy=0, status=low_current
 [error]  💥 DB query failed on attempt 1: SQLSTATE[HY000]: General error: 2006 MySQL server has gone away: SELECT "base_table"."uid" AS "uid", "base_table"."uid" AS "base_table_uid"
FROM
"users" "base_table"
INNER JOIN "users_field_data" "users_field_data" ON "users_field_data"."uid" = "base_table"."uid"
WHERE "users_field_data"."name" LIKE :db_condition_placeholder_0 ESCAPE '\\'; Array
(
    [:db_condition_placeholder_0] => neetha
)
 
 [notice] 🔄 Forced new DB connection before query.
 [error]  💥 DB query failed on attempt 2: SQLSTATE[HY000]: General error: 2006 MySQL server has gone away: SELECT "base_table"."uid" AS "uid", "base_table"."uid" AS "base_table_uid"
FROM
"users" "base_table"
INNER JOIN "users_field_data" "users_field_data" ON "users_field_data"."uid" = "base_table"."uid"
WHERE "users_field_data"."name" LIKE :db_condition_placeholder_0 ESCAPE '\\'; Array
(
    [:db_condition_placeholder_0] => neetha
)
 
 [error]  ❌ Could not find or query user neetha after retries — skipping message. 
[2025-11-11 09:41:14] [INFO] 📩 requests/get_authorized_devices → {"device_id":"EV00123","username":"likithams","action":"get_energy"}
[2025-11-11 09:41:14] [INFO] 📩 requests/check_device → {"uid":"170","username":"likithams","device_id":"EV00123","status":"match","correlationId":"39867686a6d2a25d","replyTo":"responses\/check_device"}
[2025-11-11 09:43:07] [INFO] 📩 requests/get_authorized_devices → {"device_id":"EV00123","username":"likithams","action":"get_energy"}
[2025-11-11 09:43:07] [INFO] 📩 requests/check_device → {"uid":"170","username":"likithams","device_id":"EV00123","status":"match","correlationId":"3f7339375122755a","replyTo":"responses\/check_device"}
[2025-11-11 09:43:09] [INFO] 📩 devices/energy_readings → {"username":"likithams","deviceid":"EV00123","status":"match","energy":0}
[2025-11-11 09:43:43] [INFO] 📩 devices/energy_readings → {"username":"likithams","deviceid":"EV00123","status":"high_current","energy":0}
 [warning] file_put_contents(/var/log/vehicle_app/fallback_mqtt.log): Failed to open stream: Permission denied UserApiController.php:58
 [warning] file_put_contents(/var/log/vehicle_app/fallback_mqtt.log): Failed to open stream: Permission denied UserApiController.php:58
 [warning] file_put_contents(/var/log/vehicle_app/fallback_mqtt.log): Failed to open stream: Permission denied UserApiController.php:58
 [warning] file_put_contents(/var/log/vehicle_app/fallback_mqtt.log): Failed to open stream: Permission denied UserApiController.php:58
 [warning] file_put_contents(/var/log/vehicle_app/fallback_mqtt.log): Failed to open stream: Permission denied UserApiController.php:58
[2025-11-11 09:44:44] [INFO] 📩 devices/energy_readings → {"username":"likithams","deviceid":"EV00123","status":"high_current","energy":0}
[2025-11-11 09:45:46] [INFO] 📩 devices/energy_readings → {"username":"likithams","deviceid":"EV00123","status":"high_current","energy":0}
[2025-11-11 09:46:47] [INFO] 📩 devices/energy_readings → {"username":"likithams","deviceid":"EV00123","status":"high_current","energy":0}
[2025-11-11 09:47:48] [INFO] 📩 devices/energy_readings → {"username":"likithams","deviceid":"EV00123","status":"high_current","energy":0}
[2025-11-11 09:48:50] [INFO] 📩 devices/energy_readings → {"username":"likithams","deviceid":"EV00123","status":"high_current","energy":0}
[2025-11-11 09:49:51] [INFO] 📩 devices/energy_readings → {"username":"likithams","deviceid":"EV00123","status":"high_current","energy":0}
[2025-11-11 09:50:52] [INFO] 📩 devices/energy_readings → {"username":"likithams","deviceid":"EV00123","status":"high_current","energy":0}
[2025-11-11 09:51:54] [INFO] 📩 devices/energy_readings → {"username":"likithams","deviceid":"EV00123","status":"high_current","energy":0}
[2025-11-11 09:52:55] [INFO] 📩 devices/energy_readings → {"username":"likithams","deviceid":"EV00123","status":"high_current","energy":0}
[2025-11-11 09:53:56] [INFO] 📩 devices/energy_readings → {"username":"likithams","deviceid":"EV00123","status":"high_current","energy":0}
[2025-11-11 09:54:12] [INFO] 📩 requests/check_device → {"device_id":"EV00123","username":"likithams","status":"low_current"}
[2025-11-11 09:54:13] [INFO] 📩 devices/energy_readings → {"username":"likithams","deviceid":"EV00123","status":"low_current","energy":0}
[2025-11-11 09:54:54] [INFO] 📩 requests/get_authorized_devices → {"device_id":"EV00123","username":"likithams","action":"get_energy"}
[2025-11-11 09:54:54] [INFO] 📩 requests/check_device → {"uid":"170","username":"likithams","device_id":"EV00123","status":"match","correlationId":"fd698ba37ff17e2f","replyTo":"responses\/check_device"}
[2025-11-11 09:54:56] [INFO] 📩 devices/energy_readings → {"username":"likithams","deviceid":"EV00123","status":"match","energy":0}
[2025-11-11 09:54:58] [INFO] 📩 devices/energy_readings → {"username":"likithams","deviceid":"EV00123","status":"high_current","energy":0}
[2025-11-11 09:55:59] [INFO] 📩 devices/energy_readings → {"username":"likithams","deviceid":"EV00123","status":"high_current","energy":0}
[2025-11-11 09:57:01] [INFO] 📩 devices/energy_readings → {"username":"likithams","deviceid":"EV00123","status":"high_current","energy":0}
[2025-11-11 09:58:02] [INFO] 📩 devices/energy_readings → {"username":"likithams","deviceid":"EV00123","status":"high_current","energy":0}
[2025-11-11 09:58:50] [INFO] 📩 requests/check_device → {"device_id":"EV00123","username":"likithams","status":"low_current"}
[2025-11-11 09:58:51] [INFO] 📩 devices/energy_readings → {"username":"likithams","deviceid":"EV00123","status":"low_current","energy":0}
[2025-11-11 09:59:13] [INFO] 📩 requests/get_authorized_devices → {"device_id":"EV00123","username":"likithams","action":"get_energy"}
[2025-11-11 09:59:13] [INFO] 📩 requests/check_device → {"uid":"170","username":"likithams","device_id":"EV00123","status":"match","correlationId":"a305ba83c3fa4d83","replyTo":"responses\/check_device"}
[2025-11-11 09:59:16] [INFO] 📩 devices/energy_readings → {"username":"likithams","deviceid":"EV00123","status":"match","energy":0}
[2025-11-11 09:59:17] [INFO] 📩 devices/energy_readings → {"username":"likithams","deviceid":"EV00123","status":"high_current","energy":0}
[2025-11-11 10:00:17] [INFO] 📩 devices/energy_readings → {"username":"likithams","deviceid":"EV00123","status":"high_current","energy":0}
[2025-11-11 10:00:49] [INFO] 📩 requests/check_device → {"device_id":"EV00123","username":"likithams","status":"low_current"}
[2025-11-11 10:00:51] [INFO] 📩 devices/energy_readings → {"username":"likithams","deviceid":"EV00123","status":"low_current","energy":0}
[2025-11-11 10:02:08] [INFO] 📩 requests/get_authorized_devices → {"device_id":"EV00123","username":"likithams","action":"get_energy"}
[2025-11-11 10:02:08] [INFO] 📩 requests/check_device → {"uid":"170","username":"likithams","device_id":"EV00123","status":"match","correlationId":"927ba187c75c0ecf","replyTo":"responses\/check_device"}
[2025-11-11 10:02:09] [INFO] 📩 devices/energy_readings → {"username":"likithams","deviceid":"EV00123","status":"match","energy":0}
[2025-11-11 10:02:10] [INFO] 📩 devices/energy_readings → {"username":"likithams","deviceid":"EV00123","status":"high_current","energy":0}
[2025-11-11 10:03:10] [INFO] 📩 devices/energy_readings → {"username":"likithams","deviceid":"EV00123","status":"high_current","energy":0}
[2025-11-11 10:04:12] [INFO] 📩 devices/energy_readings → {"username":"likithams","deviceid":"EV00123","status":"high_current","energy":0}
[2025-11-11 10:05:13] [INFO] 📩 devices/energy_readings → {"username":"likithams","deviceid":"EV00123","status":"high_current","energy":0}
[2025-11-11 10:06:14] [INFO] 📩 devices/energy_readings → {"username":"likithams","deviceid":"EV00123","status":"high_current","energy":0}
[2025-11-11 10:07:16] [INFO] 📩 devices/energy_readings → {"username":"likithams","deviceid":"EV00123","status":"high_current","energy":0}
[2025-11-11 10:08:17] [INFO] 📩 devices/energy_readings → {"username":"likithams","deviceid":"EV00123","status":"high_current","energy":0}
[2025-11-11 10:09:18] [INFO] 📩 devices/energy_readings → {"username":"likithams","deviceid":"EV00123","status":"high_current","energy":0}
[2025-11-11 10:10:20] [INFO] 📩 devices/energy_readings → {"username":"likithams","deviceid":"EV00123","status":"high_current","energy":0}
[2025-11-11 10:11:21] [INFO] 📩 devices/energy_readings → {"username":"likithams","deviceid":"EV00123","status":"high_current","energy":0}
[2025-11-11 10:12:22] [INFO] 📩 devices/energy_readings → {"username":"likithams","deviceid":"EV00123","status":"high_current","energy":0}
[2025-11-11 10:13:24] [INFO] 📩 devices/energy_readings → {"username":"likithams","deviceid":"EV00123","status":"high_current","energy":0}
[2025-11-11 10:14:25] [INFO] 📩 devices/energy_readings → {"username":"likithams","deviceid":"EV00123","status":"high_current","energy":0}
[2025-11-11 10:15:26] [INFO] 📩 devices/energy_readings → {"username":"likithams","deviceid":"EV00123","status":"high_current","energy":0}
[2025-11-11 10:16:28] [INFO] 📩 devices/energy_readings → {"username":"likithams","deviceid":"EV00123","status":"high_current","energy":0}
[2025-11-11 10:17:29] [INFO] 📩 devices/energy_readings → {"username":"likithams","deviceid":"EV00123","status":"high_current","energy":0}
[2025-11-11 10:18:30] [INFO] 📩 devices/energy_readings → {"username":"likithams","deviceid":"EV00123","status":"high_current","energy":0}
[2025-11-11 10:19:32] [INFO] 📩 devices/energy_readings → {"username":"likithams","deviceid":"EV00123","status":"high_current","energy":0}
[2025-11-11 10:20:33] [INFO] 📩 devices/energy_readings → {"username":"likithams","deviceid":"EV00123","status":"high_current","energy":0}
[2025-11-11 10:21:07] [INFO] 📩 requests/check_device → {"device_id":"EV00123","username":"likithams","status":"low_current"}
[2025-11-11 10:21:11] [INFO] 📩 devices/energy_readings → {"username":"likithams","deviceid":"EV00123","status":"low_current","energy":0}
[2025-11-12 09:30:45] [INFO] 📩 requests/get_authorized_devices → {"device_id":"EV00123","username":"neetha","action":"get_energy"}
[2025-11-12 09:30:45] [INFO] 📩 requests/check_device → {"uid":"178","username":"neetha","device_id":"EV00123","status":"match","correlationId":"01f3dcf003cea75f","replyTo":"responses\/check_device"}
[2025-11-12 09:33:58] [INFO] 📩 requests/get_authorized_devices → {"device_id":"EV00123","username":"neetha","action":"get_energy"}
[2025-11-12 09:33:58] [INFO] 📩 requests/check_device → {"uid":"178","username":"neetha","device_id":"EV00123","status":"match","correlationId":"7ba715b3e544a2ff","replyTo":"responses\/check_device"}
[2025-11-12 09:35:08] [INFO] 📩 requests/get_authorized_devices → {"device_id":"EV00123","username":"neetha","action":"get_energy"}
[2025-11-12 09:35:08] [INFO] 📩 requests/check_device → {"uid":"178","username":"neetha","device_id":"EV00123","status":"match","correlationId":"b04280c5da1a024a","replyTo":"responses\/check_device"}
[2025-11-12 09:38:40] [INFO] 📩 requests/check_device → {"device_id":"EV00123","username":"likithams","status":"low_current"}
[2025-11-12 09:41:13] [INFO] 📩 requests/check_device → {"device_id":"EV00123" }
[2025-11-12 09:47:52] [INFO] 📩 requests/get_authorized_devices → {"device_id":"EV00123","username":"neetha","action":"get_energy"}
[2025-11-12 09:47:52] [INFO] 📩 requests/check_device → {"uid":"178","username":"neetha","device_id":"EV00123","status":"match","correlationId":"54982bbd7c2c4d2a","replyTo":"responses\/check_device"}
[2025-11-12 09:53:24] [INFO] 📩 requests/get_authorized_devices → {"device_id":"EV00123","username":"neetha","action":"get_energy"}
[2025-11-12 09:53:24] [INFO] 📩 requests/check_device → {"uid":"178","username":"neetha","device_id":"EV00123","status":"match","correlationId":"7d49441214a2269f","replyTo":"responses\/check_device"}
[2025-11-12 09:53:53] [INFO] 📩 requests/get_authorized_devices → {"device_id":"EV00123","username":"neetha","action":"get_energy"}
[2025-11-12 09:53:53] [INFO] 📩 requests/check_device → {"uid":"178","username":"neetha","device_id":"EV00123","status":"match","correlationId":"33dac165456682fc","replyTo":"responses\/check_device"}
[2025-11-12 09:53:55] [INFO] 📩 devices/energy_readings → {"username":"neetha","deviceid":"EV00123","status":"match","energy":0}
[2025-11-12 09:54:01] [INFO] 📩 devices/energy_readings → {"username":"neetha","deviceid":"EV00123","status":"high_current","energy":0}
[2025-11-12 09:55:02] [INFO] 📩 devices/energy_readings → {"username":"neetha","deviceid":"EV00123","status":"high_current","energy":0}
[2025-11-12 09:56:04] [INFO] 📩 devices/energy_readings → {"username":"neetha","deviceid":"EV00123","status":"high_current","energy":0}
[2025-11-12 09:57:05] [INFO] 📩 devices/energy_readings → {"username":"neetha","deviceid":"EV00123","status":"high_current","energy":0}
[2025-11-12 09:58:06] [INFO] 📩 devices/energy_readings → {"username":"neetha","deviceid":"EV00123","status":"high_current","energy":0}
[2025-11-12 09:59:08] [INFO] 📩 devices/energy_readings → {"username":"neetha","deviceid":"EV00123","status":"high_current","energy":0}
[2025-11-12 09:59:55] [INFO] 📩 requests/check_device → {"device_id":"EV00123","username":"neetha","status":"low_current"}
[2025-11-12 09:59:56] [INFO] 📩 devices/energy_readings → {"username":"neetha","deviceid":"EV00123","status":"low_current","energy":0}
[2025-11-12 10:01:48] [INFO] 📩 requests/get_authorized_devices → {"device_id":"EV00123","username":"neetha","action":"get_energy"}
[2025-11-12 10:01:48] [INFO] 📩 requests/check_device → {"uid":"178","username":"neetha","device_id":"EV00123","status":"match","correlationId":"60c8b0184a12de98","replyTo":"responses\/check_device"}
[2025-11-12 10:01:49] [INFO] 📩 devices/energy_readings → {"username":"neetha","deviceid":"EV00123","status":"match","energy":0}
[2025-11-12 10:01:50] [INFO] 📩 devices/energy_readings → {"username":"neetha","deviceid":"EV00123","status":"high_current","energy":0}
[2025-11-12 10:02:50] [INFO] 📩 devices/energy_readings → {"username":"neetha","deviceid":"EV00123","status":"high_current","energy":0}
[2025-11-12 10:03:51] [INFO] 📩 devices/energy_readings → {"username":"neetha","deviceid":"EV00123","status":"high_current","energy":0}
[2025-11-12 10:04:53] [INFO] 📩 devices/energy_readings → {"username":"neetha","deviceid":"EV00123","status":"high_current","energy":0}
[2025-11-12 10:05:54] [INFO] 📩 devices/energy_readings → {"username":"neetha","deviceid":"EV00123","status":"high_current","energy":0}
[2025-11-12 10:06:55] [INFO] 📩 devices/energy_readings → {"username":"neetha","deviceid":"EV00123","status":"high_current","energy":0}
[2025-11-12 10:07:57] [INFO] 📩 devices/energy_readings → {"username":"neetha","deviceid":"EV00123","status":"high_current","energy":0}
[2025-11-12 10:08:58] [INFO] 📩 devices/energy_readings → {"username":"neetha","deviceid":"EV00123","status":"high_current","energy":0}
[2025-11-12 10:09:59] [INFO] 📩 devices/energy_readings → {"username":"neetha","deviceid":"EV00123","status":"high_current","energy":0}
[2025-11-12 10:10:33] [INFO] 📩 requests/check_device → {"device_id":"EV00123","username":"neetha","status":"low_current"}
[2025-11-12 10:10:33] [INFO] 📩 devices/energy_readings → {"username":"neetha","deviceid":"EV00123","status":"low_current","energy":0}
[2025-11-12 10:10:47] [INFO] 📩 requests/get_authorized_devices → {"device_id":"EV00123","username":"neetha","action":"get_energy"}
[2025-11-12 10:10:47] [INFO] 📩 requests/check_device → {"uid":"178","username":"neetha","device_id":"EV00123","status":"match","correlationId":"ea68f3b059066f17","replyTo":"responses\/check_device"}
[2025-11-12 10:10:48] [INFO] 📩 devices/energy_readings → {"username":"neetha","deviceid":"EV00123","status":"match","energy":0}
[2025-11-12 10:11:01] [INFO] 📩 devices/energy_readings → {"username":"neetha","deviceid":"EV00123","status":"high_current","energy":0}
[2025-11-12 10:12:02] [INFO] 📩 devices/energy_readings → {"username":"neetha","deviceid":"EV00123","status":"high_current","energy":0}
[2025-11-12 10:13:03] [INFO] 📩 devices/energy_readings → {"username":"neetha","deviceid":"EV00123","status":"high_current","energy":0}
[2025-11-12 10:14:05] [INFO] 📩 devices/energy_readings → {"username":"neetha","deviceid":"EV00123","status":"high_current","energy":0}
[2025-11-12 10:15:06] [INFO] 📩 devices/energy_readings → {"username":"neetha","deviceid":"EV00123","status":"high_current","energy":0}
[2025-11-12 10:16:07] [INFO] 📩 devices/energy_readings → {"username":"neetha","deviceid":"EV00123","status":"high_current","energy":0}
[2025-11-12 10:17:08] [INFO] 📩 devices/energy_readings → {"username":"neetha","deviceid":"EV00123","status":"high_current","energy":0}
[2025-11-12 10:18:10] [INFO] 📩 devices/energy_readings → {"username":"neetha","deviceid":"EV00123","status":"high_current","energy":0}
